"","mom","embryo","Treatment","Elevation","Estimate","Std. Error","t value","Pr(>|t|)","coll_date","coll_date_numeric","Treatment_numeric","Elevation_numeric","Mom_numeric"
"1","Higher zone WINTER 1",1,"Control","Higher",0.00620211899083688,0.000892356399270132,6.95027120992202,0.00225146256454325,"Winter",1,0,1,5
"2","Higher zone WINTER 1",2,"Control","Higher",0.00909724302909867,0.000647156926532502,14.0572443191517,0.000779676133445481,"Winter",1,0,1,5
"3","Higher zone WINTER 1",3,"Control","Higher",0.00694945613361325,0.001078806822179,6.44179846728868,0.007585769731372,"Winter",1,0,1,5
"4","Higher zone WINTER 1",4,"Control","Higher",0.00641700594534144,0.00133294259180257,4.81416527973914,0.00855929903651793,"Winter",1,0,1,5
"5","Higher zone WINTER 1",5,"Control","Higher",0.00764083471054168,0.000535582108132537,14.2664114325695,0.000746272926895552,"Winter",1,0,1,5
"6","Higher zone WINTER 1",6,"Control","Higher",0.00846077505161563,0.000489407845623268,17.2877797674876,6.57004568181187e-05,"Winter",1,0,1,5
"7","Higher zone WINTER 1",7,"Control","Higher",0.00304357630667851,NA,NA,NA,"Winter",1,0,1,5
"8","Higher zone WINTER 1",8,"Control","Higher",0.00889308647879824,0.000498893264926737,17.8256294562409,0.000384979431884629,"Winter",1,0,1,5
"9","Higher zone WINTER 1",9,"Control","Higher",0.00697247794082697,0.000763010705646713,9.13811285900272,0.00277005362449389,"Winter",1,0,1,5
"10","Higher zone WINTER 1",10,"Control","Higher",0.00870431026730038,0.00105783211091837,8.22844209157499,0.00118928103599979,"Winter",1,0,1,5
"11","Higher zone WINTER 1",11,"Control","Higher",0.008935247633268,0.000555403618069205,16.0878455641509,0.000522359011177136,"Winter",1,0,1,5
"12","Higher zone WINTER 1",12,"Control","Higher",0.00739548656689012,0.000516496224020806,14.3185685063057,0.000738241089485328,"Winter",1,0,1,5
"13","Higher zone WINTER 1",1,"Heat Shock","Higher",0.00975902676284023,0.00108771448547268,8.97204817365225,0.00292217851170917,"Winter",1,1,1,5
"14","Higher zone WINTER 1",4,"Heat Shock","Higher",0.0060896415009311,0.00090847230087109,6.70316694861477,0.00677461960445236,"Winter",1,1,1,5
"15","Higher zone WINTER 1",5,"Heat Shock","Higher",-0.00138115913446242,NA,NA,NA,"Winter",1,1,1,5
"16","Higher zone WINTER 1",6,"Heat Shock","Higher",0.0101160463478062,NA,NA,NA,"Winter",1,1,1,5
"17","Higher zone WINTER 1",8,"Heat Shock","Higher",0.00768991532807046,0.000671511364163891,11.4516532979978,0.00142912703881684,"Winter",1,1,1,5
"18","Higher zone WINTER 1",9,"Heat Shock","Higher",0.00755674311148068,NA,NA,NA,"Winter",1,1,1,5
"19","Higher zone WINTER 1",10,"Heat Shock","Higher",0.00911717465390344,0.000171216265472678,53.2494656902696,1.45872649428703e-05,"Winter",1,1,1,5
"20","Higher zone WINTER 1",11,"Heat Shock","Higher",0.00691278881850331,0.00113109119690542,6.11161048500436,0.00880345318264518,"Winter",1,1,1,5
"21","Higher zone WINTER 1",12,"Heat Shock","Higher",0.00979002922610046,NA,NA,NA,"Winter",1,1,1,5
"22","Higher zone WINTER 2",1,"Control","Higher",0.00540434009640677,0.00141994253275618,3.80602733683642,0.0626186488460905,"Winter",1,0,1,6
"23","Higher zone WINTER 2",2,"Control","Higher",0.0138137571946921,0.00278354988380485,4.96264043086235,0.126587298531654,"Winter",1,0,1,6
"24","Higher zone WINTER 2",3,"Control","Higher",0.00901322383758299,9.53258076518996e-05,94.5517699728965,0.000111837593491984,"Winter",1,0,1,6
"25","Higher zone WINTER 2",4,"Control","Higher",0.0106115376247877,0.0022915402824327,4.63074452853279,0.0436059496721958,"Winter",1,0,1,6
"26","Higher zone WINTER 2",6,"Control","Higher",0.0103206145800578,0.00237499808676226,4.34552542908675,0.0490893674128573,"Winter",1,0,1,6
"27","Higher zone WINTER 2",7,"Control","Higher",0.0134507869058436,0.00123703670221019,10.8733935555925,0.00835222393389515,"Winter",1,0,1,6
"28","Higher zone WINTER 2",8,"Control","Higher",0.00417277626571074,NA,NA,NA,"Winter",1,0,1,6
"29","Higher zone WINTER 2",9,"Control","Higher",0.0135645005997214,0.00100492833320629,13.4979780661999,0.00544383454569923,"Winter",1,0,1,6
"30","Higher zone WINTER 2",10,"Control","Higher",0.0106246753635714,0.000700021382106267,15.1776440479621,0.0418840348556888,"Winter",1,0,1,6
"31","Higher zone WINTER 2",11,"Control","Higher",0.0138952527038185,0.00184663496611785,7.52463424486658,0.0172070300939366,"Winter",1,0,1,6
"32","Higher zone WINTER 2",12,"Control","Higher",0.0100720121933,0.000358666480697608,28.0818329432677,0.0226605892059273,"Winter",1,0,1,6
"33","Higher zone WINTER 2",1,"Heat Shock","Higher",0.00738280613018388,0.00081827238066499,9.02243104451852,0.0702728557378527,"Winter",1,1,1,6
"34","Higher zone WINTER 2",2,"Heat Shock","Higher",0.00520095000746518,0.00510251058256438,1.01929235095311,0.493917909710775,"Winter",1,1,1,6
"35","Higher zone WINTER 2",4,"Heat Shock","Higher",0.0072364256742495,NA,NA,NA,"Winter",1,1,1,6
"36","Higher zone WINTER 2",6,"Heat Shock","Higher",0.00433494815980504,0.00127671351166327,3.39539616382502,0.182339646245157,"Winter",1,1,1,6
"37","Higher zone WINTER 2",7,"Heat Shock","Higher",0.00965608049632738,0.00282587560467826,3.41702249042444,0.0760092719649473,"Winter",1,1,1,6
"38","Higher zone WINTER 2",8,"Heat Shock","Higher",0.013247964145084,0.000664325105455671,19.9419893005505,0.00250512102979978,"Winter",1,1,1,6
"39","Higher zone WINTER 2",9,"Heat Shock","Higher",0.00557512463274018,0.000438285505508346,12.7203034612652,0.0499448090460218,"Winter",1,1,1,6
"40","Higher zone WINTER 2",10,"Heat Shock","Higher",0.00809983037208637,0.00173404648591507,4.67105722821035,0.04290406554959,"Winter",1,1,1,6
"41","Higher zone WINTER 2",12,"Heat Shock","Higher",0.00713013621928047,NA,NA,NA,"Winter",1,1,1,6
"42","Higher zone WINTER 3",1,"Control","Higher",0.00934856166170358,0.0030077792167098,3.10812762112571,0.089791155587426,"Winter",1,0,1,7
"43","Higher zone WINTER 3",2,"Control","Higher",0.0105447726647,0.000924218818209971,11.4093896996419,0.0556556562289673,"Winter",1,0,1,7
"44","Higher zone WINTER 3",3,"Control","Higher",0.00810373900744434,0.00286352490657461,2.82998726109847,0.216236592949676,"Winter",1,0,1,7
"45","Higher zone WINTER 3",4,"Control","Higher",0.0102421793341101,0.000404469167266818,25.3225218706316,0.025127400351811,"Winter",1,0,1,7
"46","Higher zone WINTER 3",5,"Control","Higher",0.0152373518740805,0.00243281180818523,6.26326780510282,0.100792678153632,"Winter",1,0,1,7
"47","Higher zone WINTER 3",6,"Control","Higher",0.0100002673461513,0.00312542756577798,3.19964777160402,0.19284244774222,"Winter",1,0,1,7
"48","Higher zone WINTER 3",7,"Control","Higher",0.0101620919348285,0.000646894565837947,15.7090389554675,0.0404710902935946,"Winter",1,0,1,7
"49","Higher zone WINTER 3",8,"Control","Higher",0.0113577507911742,6.31706186553079e-05,179.794832359455,0.00354077589212502,"Winter",1,0,1,7
"50","Higher zone WINTER 3",9,"Control","Higher",0.00908575554999959,0.00087009239001651,10.4422882607066,0.0607801934562411,"Winter",1,0,1,7
"51","Higher zone WINTER 3",10,"Control","Higher",0.0126202156357319,0.00220629523773669,5.72009376618072,0.110181853242752,"Winter",1,0,1,7
"52","Higher zone WINTER 3",11,"Control","Higher",0.0111779316774366,0.00147051843931261,7.60135431056667,0.0832726367560657,"Winter",1,0,1,7
"53","Higher zone WINTER 3",12,"Control","Higher",0.00688573790852313,0.00215714432804984,3.19206175450863,0.193273126767287,"Winter",1,0,1,7
"54","Higher zone WINTER 3",1,"Heat Shock","Higher",0.0115262352311604,0.00267484880593898,4.30911653980915,0.145168294340637,"Winter",1,1,1,7
"55","Higher zone WINTER 3",2,"Heat Shock","Higher",0.0110655026857289,0.0031056395700424,3.56303506449004,0.174192058854649,"Winter",1,1,1,7
"56","Higher zone WINTER 3",3,"Heat Shock","Higher",0.0157126414021477,0.000478805912062311,32.8163061614471,0.019393493818952,"Winter",1,1,1,7
"57","Higher zone WINTER 3",4,"Heat Shock","Higher",0.0135702241978485,0.00257640624906668,5.26711352402768,0.11944529052049,"Winter",1,1,1,7
"58","Higher zone WINTER 3",5,"Heat Shock","Higher",0.014447094087939,0.000861658218583987,16.7666178727811,0.0379245547065511,"Winter",1,1,1,7
"59","Higher zone WINTER 3",6,"Heat Shock","Higher",0.00700675978649033,0.00281459958869434,2.48943395523648,0.243169075701628,"Winter",1,1,1,7
"60","Higher zone WINTER 3",7,"Heat Shock","Higher",0.0102359570826213,0.00281505275910487,3.63615106307141,0.170856751276247,"Winter",1,1,1,7
"61","Higher zone WINTER 3",8,"Heat Shock","Higher",0.00952386048013115,0.00155556747968344,6.12243480563714,0.0256556884055653,"Winter",1,1,1,7
"62","Higher zone WINTER 3",9,"Heat Shock","Higher",0.0106268443420337,0.00305042249848228,3.48372867932916,0.17795622433599,"Winter",1,1,1,7
"63","Higher zone WINTER 3",10,"Heat Shock","Higher",0.00805028506944923,0.0060551026729108,1.32950430476835,0.410544693391177,"Winter",1,1,1,7
"64","Higher zone WINTER 3",11,"Heat Shock","Higher",0.0125593754957969,NA,NA,NA,"Winter",1,1,1,7
"65","Higher zone WINTER 3",12,"Heat Shock","Higher",0.017367373315788,NA,NA,NA,"Winter",1,1,1,7
"66","Higher zone WINTER 4",1,"Control","Higher",0.00660108474401106,0.000594581619579988,11.1020666072289,0.00156573364915577,"Winter",1,0,1,8
"67","Higher zone WINTER 4",2,"Control","Higher",0.00652249057405721,0.00189450485138207,3.44284712139901,0.0411504812668601,"Winter",1,0,1,8
"68","Higher zone WINTER 4",3,"Control","Higher",0.00738748768766136,0.000795034957745381,9.29202875381901,0.00263828316959837,"Winter",1,0,1,8
"69","Higher zone WINTER 4",4,"Control","Higher",0.00687556011960166,0.000694364611009572,9.90194490126006,0.00219073071571584,"Winter",1,0,1,8
"70","Higher zone WINTER 4",5,"Control","Higher",0.00623485481144215,0.00132672013552161,4.69944990243996,0.018226653665583,"Winter",1,0,1,8
"71","Higher zone WINTER 4",6,"Control","Higher",0.00734888580610973,0.00105064878608902,6.99461694850999,0.00599944566012011,"Winter",1,0,1,8
"72","Higher zone WINTER 4",7,"Control","Higher",0.0083727219725551,0.000755444302362879,11.0831757501736,0.00157360020872997,"Winter",1,0,1,8
"73","Higher zone WINTER 4",8,"Control","Higher",0.00792515850858193,0.000600522569302813,13.1971035123339,0.000940004655784346,"Winter",1,0,1,8
"74","Higher zone WINTER 4",9,"Control","Higher",0.00660740024031209,0.00046946993081053,14.0741713295771,0.000776899909764878,"Winter",1,0,1,8
"75","Higher zone WINTER 4",10,"Control","Higher",0.00887470345947279,0.000427523893081521,20.7583800650425,0.000244497234304614,"Winter",1,0,1,8
"76","Higher zone WINTER 4",11,"Control","Higher",0.00744266063337545,0.0006859661086143,10.8498955559337,0.00167521246683436,"Winter",1,0,1,8
"77","Higher zone WINTER 4",12,"Control","Higher",0.00588097434976418,0.000980572467964037,5.99749079430596,0.026692909475518,"Winter",1,0,1,8
"78","Higher zone WINTER 4",1,"Heat Shock","Higher",0.00443939196867955,0.00287139362913686,1.54607571864469,0.219810643184026,"Winter",1,1,1,8
"79","Higher zone WINTER 4",2,"Heat Shock","Higher",0.00746458657141074,0.0015472050526881,4.82456191468727,0.0169706170871996,"Winter",1,1,1,8
"80","Higher zone WINTER 4",3,"Heat Shock","Higher",0.00935857370497053,0.000471815134130081,19.8352554379706,0.000280025589299199,"Winter",1,1,1,8
"81","Higher zone WINTER 4",4,"Heat Shock","Higher",0.0138792630221575,NA,NA,NA,"Winter",1,1,1,8
"82","Higher zone WINTER 4",5,"Heat Shock","Higher",0.00633732968619357,0.000984334870376287,6.4381846838068,0.0232859600901846,"Winter",1,1,1,8
"83","Higher zone WINTER 4",6,"Heat Shock","Higher",0.00846595633701077,0.000610206243255996,13.8739261201874,0.000810604907169297,"Winter",1,1,1,8
"84","Higher zone WINTER 4",7,"Heat Shock","Higher",0.00713231360139238,0.00101801773798845,7.00607988961516,0.00597140419188228,"Winter",1,1,1,8
"85","Higher zone WINTER 4",8,"Heat Shock","Higher",0.00769548876760773,0.000853885332484598,9.01232106331624,0.00288428994696144,"Winter",1,1,1,8
"86","Higher zone WINTER 4",9,"Heat Shock","Higher",0.00836181126208035,0.000249103603225293,33.5676046183797,5.81197703057156e-05,"Winter",1,1,1,8
"87","Higher zone WINTER 4",10,"Heat Shock","Higher",0.00877056327790593,0.000604659233085955,14.5049687460229,0.000710458554402883,"Winter",1,1,1,8
"88","Higher zone WINTER 4",11,"Heat Shock","Higher",0.00639431684737111,0.00137188709056485,4.66096436896887,0.0186371959470404,"Winter",1,1,1,8
"89","Higher zone WINTER 5",1,"Control","Higher",0.0132310266629752,0.00320381092597897,4.12977762067286,0.15124241127026,"Winter",1,0,1,9
"90","Higher zone WINTER 5",2,"Control","Higher",0.0121959780243924,0.00175742760737044,6.9396759065602,0.0911090823203262,"Winter",1,0,1,9
"91","Higher zone WINTER 5",3,"Control","Higher",0.0133144577880183,0.00192804608129438,6.90567404855787,0.0915515365801883,"Winter",1,0,1,9
"92","Higher zone WINTER 5",4,"Control","Higher",0.00895746315034581,0.00237450041145829,3.77235695859265,0.164964944742249,"Winter",1,0,1,9
"93","Higher zone WINTER 5",5,"Control","Higher",0.0140018130978752,0.00158823287647865,8.81596981477891,0.0719047727773969,"Winter",1,0,1,9
"94","Higher zone WINTER 5",6,"Control","Higher",0.0130954184000127,NA,NA,NA,"Winter",1,0,1,9
"95","Higher zone WINTER 5",7,"Control","Higher",0.0140609318189395,0.00159318528443892,8.8256726673768,0.0718263909273813,"Winter",1,0,1,9
"96","Higher zone WINTER 5",8,"Control","Higher",0.0132798939197028,0.00173307953191459,7.66259924899814,0.0166081946292101,"Winter",1,0,1,9
"97","Higher zone WINTER 5",9,"Control","Higher",0.0121286936235849,0.00175497912578592,6.91101873827324,0.0914817055245733,"Winter",1,0,1,9
"98","Higher zone WINTER 5",10,"Control","Higher",0.013159375609906,0.00285711860670747,4.60582055607094,0.136108250588411,"Winter",1,0,1,9
"99","Higher zone WINTER 5",11,"Control","Higher",0.0135158496881269,0.0025221944443763,5.35876594219885,0.117448811684418,"Winter",1,0,1,9
"100","Higher zone WINTER 5",12,"Control","Higher",0.0148233936620229,0.00200482820638955,7.39384732057318,0.0855819892123519,"Winter",1,0,1,9
"101","Higher zone WINTER 5",1,"Heat Shock","Higher",0.00830018788660024,0.00568680396384206,1.4595523143359,0.382407386916933,"Winter",1,1,1,9
"102","Higher zone WINTER 5",2,"Heat Shock","Higher",0.0147898251236847,0.000770637857296905,19.1916669855302,0.0331417048016663,"Winter",1,1,1,9
"103","Higher zone WINTER 5",3,"Heat Shock","Higher",0.0116030239330844,0.00526003097871905,2.20588509459882,0.270959381360937,"Winter",1,1,1,9
"104","Higher zone WINTER 5",4,"Heat Shock","Higher",0.00998795502119487,0.00155618958291119,6.41821223511226,0.0234260492160152,"Winter",1,1,1,9
"105","Higher zone WINTER 5",5,"Heat Shock","Higher",0.00830019367398587,0.000837006294433072,9.91652479699431,0.063981577674211,"Winter",1,1,1,9
"106","Higher zone WINTER 5",6,"Heat Shock","Higher",0.0130355171780495,0.00129264544756228,10.0843717065901,0.0629236318371101,"Winter",1,1,1,9
"107","Higher zone WINTER 5",7,"Heat Shock","Higher",0.00509906558767662,0.0031637207557051,1.6117306113321,0.353528642393081,"Winter",1,1,1,9
"108","Higher zone WINTER 5",8,"Heat Shock","Higher",0.00562293216642286,0.00311666248646557,1.80415177801286,0.322206657845977,"Winter",1,1,1,9
"109","Higher zone WINTER 5",9,"Heat Shock","Higher",0.0113422430012261,0.00187123646395843,6.06136275114723,0.104091513052303,"Winter",1,1,1,9
"110","Higher zone WINTER 5",10,"Heat Shock","Higher",0.00499029790740498,0.00308078719710088,1.61981259598229,0.352103672045718,"Winter",1,1,1,9
"111","Higher zone WINTER 5",11,"Heat Shock","Higher",0.00731739676395117,0.000349982624523537,20.9078858526563,0.0304256010690797,"Winter",1,1,1,9
"112","Higher zone WINTER 5",12,"Heat Shock","Higher",0.00778442765438198,0.000854030979853765,9.11492421002679,0.0695654576097214,"Winter",1,1,1,9
"113","Higher zone WINTER 6",1,"Control","Higher",0.00610373282817541,0.000511023156280984,11.9441413821555,7.2519307462099e-05,"Winter",1,0,1,10
"114","Higher zone WINTER 6",2,"Control","Higher",0.00255109923050843,0.000388526079608355,6.56609521059695,0.0224175345432509,"Winter",1,0,1,10
"115","Higher zone WINTER 6",3,"Control","Higher",0.00206359731606237,0.00158864079172849,1.29897036939176,0.41767259567209,"Winter",1,0,1,10
"116","Higher zone WINTER 6",4,"Control","Higher",0.00633884981288211,0.000928989814704327,6.82337923683221,0.00103090885806773,"Winter",1,0,1,10
"117","Higher zone WINTER 6",5,"Control","Higher",0.00594562733847654,0.000635795112832873,9.35148323488202,0.00023556560672397,"Winter",1,0,1,10
"118","Higher zone WINTER 6",6,"Control","Higher",0.00751333086609295,0.00059780301182089,12.5682385627459,5.66130205216157e-05,"Winter",1,0,1,10
"119","Higher zone WINTER 6",7,"Control","Higher",0.00627638114671299,0.000779423096365322,8.05259835894215,0.000477985854739622,"Winter",1,0,1,10
"120","Higher zone WINTER 6",8,"Control","Higher",0.00635326978139215,0.000828398328919934,7.66934161935786,0.000600465248928506,"Winter",1,0,1,10
"121","Higher zone WINTER 6",9,"Control","Higher",0.00542540311526726,0.000610731888445713,8.88344495826914,0.000300725130414262,"Winter",1,0,1,10
"122","Higher zone WINTER 6",10,"Control","Higher",0.00791601962843413,0.00064933367625619,12.1909888827496,6.56597286196858e-05,"Winter",1,0,1,10
"123","Higher zone WINTER 6",11,"Control","Higher",0.00481007957281341,0.000493346756809461,9.74989600402127,0.000193000960307523,"Winter",1,0,1,10
"124","Higher zone WINTER 6",12,"Control","Higher",0.00717901200402329,0.00074035619879948,9.69670006905375,0.00019811950763457,"Winter",1,0,1,10
"125","Higher zone WINTER 6",1,"Heat Shock","Higher",0.00420769847466434,0.000883536254300008,4.76233822232675,0.005048955998822,"Winter",1,1,1,10
"126","Higher zone WINTER 6",2,"Heat Shock","Higher",0.00507129815950083,0.000609990271750506,8.31373612721328,0.000411388563041741,"Winter",1,1,1,10
"127","Higher zone WINTER 6",3,"Heat Shock","Higher",0.00512792118403967,0.000881512214442353,5.81718676159649,0.0021193714625313,"Winter",1,1,1,10
"128","Higher zone WINTER 6",4,"Heat Shock","Higher",0.00247251261976408,0.00126195639671239,1.95926945352898,0.189160833308618,"Winter",1,1,1,10
"129","Higher zone WINTER 6",5,"Heat Shock","Higher",0.00583561709947043,0.00113729401303401,5.13114202008546,0.00367255482923037,"Winter",1,1,1,10
"130","Higher zone WINTER 6",6,"Heat Shock","Higher",0.00507117657036639,0.000756018724529138,6.70773937976842,0.0011147903021122,"Winter",1,1,1,10
"131","Higher zone WINTER 6",7,"Heat Shock","Higher",0.00550393846030293,0.00101265800904356,5.43514040391715,0.00285998221248808,"Winter",1,1,1,10
"132","Higher zone WINTER 6",8,"Heat Shock","Higher",0.00590296628868881,0.00116390757066782,5.07167960536748,0.00386156153869873,"Winter",1,1,1,10
"133","Higher zone WINTER 6",9,"Heat Shock","Higher",0.00635695523929789,0.00108486621325741,5.85966745172248,0.00205185795526283,"Winter",1,1,1,10
"134","Higher zone WINTER 6",10,"Heat Shock","Higher",0.00598012816478646,0.000778228738861511,7.68428081123671,0.00059504000381786,"Winter",1,1,1,10
"135","Higher zone WINTER 6",11,"Heat Shock","Higher",0.00569378962022435,0.00099366235487148,5.73010499221417,0.0022661096298147,"Winter",1,1,1,10
"136","Higher zone WINTER 6",12,"Heat Shock","Higher",0.00688359721727965,0.00113091774233577,6.08673554193469,0.00173112561745346,"Winter",1,1,1,10
"137","Higher zone WINTER 7",1,"Control","Higher",0.0109304773509148,0.0010168898613402,10.7489294233979,0.00854428178816125,"Winter",1,0,1,11
"138","Higher zone WINTER 7",2,"Control","Higher",0.0151628087006514,0.00417405714939991,3.63263083324849,0.171014473866158,"Winter",1,0,1,11
"139","Higher zone WINTER 7",3,"Control","Higher",0.012491468165378,0.00255133662268539,4.89604862577099,0.128263110318378,"Winter",1,0,1,11
"140","Higher zone WINTER 7",4,"Control","Higher",0.0118847035701586,0.00131035843407512,9.06981117616651,0.0699087064011651,"Winter",1,0,1,11
"141","Higher zone WINTER 7",5,"Control","Higher",0.0138176602996005,0.00305997327630874,4.5156146972201,0.13874272224194,"Winter",1,0,1,11
"142","Higher zone WINTER 7",6,"Control","Higher",0.0133352724115038,0.000483755803555101,27.5661238862736,0.0230841570655158,"Winter",1,0,1,11
"143","Higher zone WINTER 7",7,"Control","Higher",0.013884868102502,0.00314405827247845,4.41622479584536,0.141764076133601,"Winter",1,0,1,11
"144","Higher zone WINTER 7",8,"Control","Higher",0.014264182075705,0.00247262779109469,5.76883513445829,0.109269168852716,"Winter",1,0,1,11
"145","Higher zone WINTER 7",9,"Control","Higher",0.0107729557852714,0.000436236591210682,24.6952135660453,0.00163571575187355,"Winter",1,0,1,11
"146","Higher zone WINTER 7",10,"Control","Higher",0.00924462927114099,0.00173184280647058,5.33803023958111,0.117894704019393,"Winter",1,0,1,11
"147","Higher zone WINTER 7",11,"Control","Higher",0.00850151868856487,0.00151022205520622,5.62931699961433,0.111922508532998,"Winter",1,0,1,11
"148","Higher zone WINTER 7",12,"Control","Higher",0.0124405031199075,9.24838919567178e-06,1345.15350259369,0.000473269150221501,"Winter",1,0,1,11
"149","Higher zone WINTER 7",1,"Heat Shock","Higher",0.00299636103400751,0.000362157984947137,8.27362962726027,0.0765742070852328,"Winter",1,1,1,11
"150","Higher zone WINTER 7",2,"Heat Shock","Higher",0.00570431082162766,0.00219594615540762,2.59765514176226,0.233942642710457,"Winter",1,1,1,11
"151","Higher zone WINTER 7",3,"Heat Shock","Higher",0.00921370400330604,0.00216143567845266,4.26277038690412,0.146691613288089,"Winter",1,1,1,11
"152","Higher zone WINTER 7",4,"Heat Shock","Higher",0.00626586930740555,0.00163841103306386,3.82435736879057,0.162819050865397,"Winter",1,1,1,11
"153","Higher zone WINTER 7",5,"Heat Shock","Higher",0.011359540728032,0.000239281952542554,47.4734538368991,0.000443414007771401,"Winter",1,1,1,11
"154","Higher zone WINTER 7",6,"Heat Shock","Higher",0.00840208015274817,0.00151074863928219,5.56153415219377,0.113258162862873,"Winter",1,1,1,11
"155","Higher zone WINTER 7",7,"Heat Shock","Higher",0.0144618255426813,0.0021921557695366,6.5970793424677,0.0222144028154678,"Winter",1,1,1,11
"156","Higher zone WINTER 7",8,"Heat Shock","Higher",0.0102047109876265,0.00308922435946664,3.30332465376142,0.187137695854204,"Winter",1,1,1,11
"157","Higher zone WINTER 7",9,"Heat Shock","Higher",0.00792752788692107,0.000253668506740668,31.2515258152467,0.0203638897884332,"Winter",1,1,1,11
"158","Higher zone WINTER 7",10,"Heat Shock","Higher",0.00509937944205094,0.00213714664404206,2.38606904035668,0.252650293331107,"Winter",1,1,1,11
"159","Higher zone WINTER 7",11,"Heat Shock","Higher",0.0056701919574448,0.000552829218311737,10.2566792232161,0.0618732440406869,"Winter",1,1,1,11
"160","Higher zone WINTER 7",12,"Heat Shock","Higher",0.0108231024906188,0.000579228699934478,18.6853698579561,0.0340380215575231,"Winter",1,1,1,11
"161","Higher zone WINTER 8",1,"Control","Higher",0.005980391071403,0.0012311712844932,4.85748095876421,0.00829438924142554,"Winter",1,0,1,12
"162","Higher zone WINTER 8",2,"Control","Higher",0.00858627825490831,0.000798874874821472,10.7479638245315,0.00042480507104557,"Winter",1,0,1,12
"163","Higher zone WINTER 8",3,"Control","Higher",0.00884830057152199,0.00098927183747412,8.9442560036017,0.000864216932071798,"Winter",1,0,1,12
"164","Higher zone WINTER 8",5,"Control","Higher",0.00758116569640252,0.00233131287942582,3.25188685024109,0.189926488846676,"Winter",1,0,1,12
"165","Higher zone WINTER 8",6,"Control","Higher",0.00900892823954982,0.00118415130214422,7.60791988594426,0.00160195648546628,"Winter",1,0,1,12
"166","Higher zone WINTER 8",7,"Control","Higher",0.00515963551215047,0.00231236561210564,2.23132340540737,0.268224779143446,"Winter",1,0,1,12
"167","Higher zone WINTER 8",8,"Control","Higher",0.00813277070195956,0.00117911647742514,6.89734293232782,0.00231680412647249,"Winter",1,0,1,12
"168","Higher zone WINTER 8",9,"Control","Higher",0.00864684839746274,0.00119972765826856,7.20734271471398,0.00196459127590445,"Winter",1,0,1,12
"169","Higher zone WINTER 8",10,"Control","Higher",0.00776588763356346,0.00120937234366513,6.42141989953908,0.00302330734113022,"Winter",1,0,1,12
"170","Higher zone WINTER 8",11,"Control","Higher",0.00585484239526009,0.000942488351422173,6.21211114856263,0.0249476042678502,"Winter",1,0,1,12
"171","Higher zone WINTER 8",12,"Control","Higher",0.00783412716158598,0.000831887667673614,9.41728969668973,0.000708738631080577,"Winter",1,0,1,12
"172","Higher zone WINTER 8",1,"Heat Shock","Higher",0.00611513704184628,0.000449818170087645,13.5946865833694,0.000169499639669841,"Winter",1,1,1,12
"173","Higher zone WINTER 8",2,"Heat Shock","Higher",0.00814448690701079,0.00146609374056208,5.55522930197376,0.00513925973510041,"Winter",1,1,1,12
"174","Higher zone WINTER 8",3,"Heat Shock","Higher",0.00227912510247056,NA,NA,NA,"Winter",1,1,1,12
"175","Higher zone WINTER 8",4,"Heat Shock","Higher",0.00751317454398269,0.00134593292805778,5.58213146239348,0.0050502327616204,"Winter",1,1,1,12
"176","Higher zone WINTER 8",5,"Heat Shock","Higher",0.00508467814701037,0.00106961736496046,4.75373560076629,0.131995346637477,"Winter",1,1,1,12
"177","Higher zone WINTER 8",6,"Heat Shock","Higher",0.00851835906370982,0.00100998825892565,8.43411692010264,0.00108230314209106,"Winter",1,1,1,12
"178","Higher zone WINTER 8",7,"Heat Shock","Higher",0.00879363126322111,0.000871130816941365,10.094501413802,0.000541900382358974,"Winter",1,1,1,12
"179","Higher zone WINTER 8",8,"Heat Shock","Higher",0.0073139761813007,0.00127181482153839,5.75081848193411,0.00453306836760682,"Winter",1,1,1,12
"180","Higher zone WINTER 8",9,"Heat Shock","Higher",0.00641734040517492,0.00174253509040936,3.6827610763737,0.021152624117236,"Winter",1,1,1,12
"181","Higher zone WINTER 8",10,"Heat Shock","Higher",0.00876326675527501,0.00131325554123108,6.67293339349637,0.00262124008490099,"Winter",1,1,1,12
"182","Higher zone WINTER 8",11,"Heat Shock","Higher",0.00790588800233295,0.00128355964591332,6.15934602455305,0.00352617903554775,"Winter",1,1,1,12
"183","Higher zone WINTER 8",12,"Heat Shock","Higher",0.00837560675701278,0.000859579296337084,9.7438442185656,0.000621346469138294,"Winter",1,1,1,12
"184","HZ SUMMER11",1,"Control","Higher",0.0063286515068605,0.00147914064618402,4.27860022857702,0.0505217324782752,"Summer",0,0,1,2
"185","HZ SUMMER11",2,"Control","Higher",0.0104754830443466,0.00107432097160983,9.75079452153808,0.0103546046526323,"Summer",0,0,1,2
"186","HZ SUMMER11",3,"Control","Higher",0.00796798566797853,0.00065135926961329,12.2328583313309,0.00661633123384217,"Summer",0,0,1,2
"187","HZ SUMMER11",4,"Control","Higher",0.00906082701446036,0.00125386873650615,7.22629630252044,0.0186168914491191,"Summer",0,0,1,2
"188","HZ SUMMER11",5,"Control","Higher",0.00521713935018059,0.00395604269694716,1.31877731102513,0.318001133993488,"Summer",0,0,1,2
"189","HZ SUMMER11",6,"Control","Higher",0.00669853013775792,0.00216549672591659,3.0932995915395,0.090540394115615,"Summer",0,0,1,2
"190","HZ SUMMER11",7,"Control","Higher",0.00921530525018708,0.000766600175464948,12.0210059234567,0.00684918065414108,"Summer",0,0,1,2
"191","HZ SUMMER11",8,"Control","Higher",0.00836726669260241,0.00264938608316323,3.15819077701666,0.0873260191686209,"Summer",0,0,1,2
"192","HZ SUMMER11",9,"Control","Higher",0.00886534102372356,0.00224796629230434,3.94371617317976,0.0586930914290168,"Summer",0,0,1,2
"193","HZ SUMMER11",10,"Control","Higher",0.00733362610314647,0.00167325019403653,4.38286284339518,0.0483159273477254,"Summer",0,0,1,2
"194","HZ SUMMER11",11,"Control","Higher",0.00701066347529913,0.000939110246535782,7.46521880807954,0.017474854016281,"Summer",0,0,1,2
"195","HZ SUMMER11",12,"Control","Higher",0.00757564990558612,0.000527629228899963,14.3579041695252,0.00481583743366058,"Summer",0,0,1,2
"196","HZ SUMMER11",1,"Heat Shock","Higher",0.00587157205360482,NA,NA,NA,"Summer",0,1,1,2
"197","HZ SUMMER11",2,"Heat Shock","Higher",0.0079904656406567,0.00145739953438972,5.4826871095459,0.0316939059562062,"Summer",0,1,1,2
"198","HZ SUMMER11",3,"Heat Shock","Higher",0.00538808569870025,0.00103362696556339,5.21279521356472,0.0137251929992329,"Summer",0,1,1,2
"199","HZ SUMMER11",4,"Heat Shock","Higher",0.00649689176604435,0.00148094701010419,4.3869846265379,0.0219363283823932,"Summer",0,1,1,2
"200","HZ SUMMER11",5,"Heat Shock","Higher",0.00859693601923281,0.00170279340925084,5.04872521383266,0.0370642377079185,"Summer",0,1,1,2
"201","HZ SUMMER11",6,"Heat Shock","Higher",0.00745913513870539,0.00171401093546743,4.35185971358531,0.0224124961563523,"Summer",0,1,1,2
"202","HZ SUMMER11",8,"Heat Shock","Higher",0.00815773351562383,0.00171655678788496,4.75238196207612,0.0176809863373437,"Summer",0,1,1,2
"203","HZ SUMMER11",9,"Heat Shock","Higher",0.00723895057992202,0.0013546661416057,5.34371558983647,0.0128153100415537,"Summer",0,1,1,2
"204","HZ SUMMER11",10,"Heat Shock","Higher",0.00570382045927369,0.00144305976731223,3.95258781962811,0.0584525366890871,"Summer",0,1,1,2
"205","HZ SUMMER11",11,"Heat Shock","Higher",0.00621146421151262,0.00149342351655632,4.1592114645654,0.0252761832004164,"Summer",0,1,1,2
"206","HZ SUMMER11",12,"Heat Shock","Higher",0.00638067985038942,0.00295850175551933,2.15672674132633,0.163749679638315,"Summer",0,1,1,2
"207","HZ SUMMER12",1,"Control","Higher",0.00408723774943701,0.00245174739764903,1.66707131140681,0.237429671295931,"Summer",0,0,1,3
"208","HZ SUMMER12",2,"Control","Higher",0.00408194380521315,0.00376949566715338,1.08288857864525,0.392043018243481,"Summer",0,0,1,3
"209","HZ SUMMER12",3,"Control","Higher",0.00567538266852165,0.000535851040032918,10.591343945461,0.008797058731626,"Summer",0,0,1,3
"210","HZ SUMMER12",4,"Control","Higher",0.00820396105355716,0.000348109862259814,23.5671606667497,0.00179562029777139,"Summer",0,0,1,3
"211","HZ SUMMER12",5,"Control","Higher",0.00422516063689941,0.000130422703325791,32.3958983302556,0.00095148022624765,"Summer",0,0,1,3
"212","HZ SUMMER12",6,"Control","Higher",0.00867508537859913,NA,NA,NA,"Summer",0,0,1,3
"213","HZ SUMMER12",7,"Control","Higher",0.00393750101058931,0.00152780895547845,2.57722079483179,0.123316542485038,"Summer",0,0,1,3
"214","HZ SUMMER12",8,"Control","Higher",0.00419462572611604,0.00106987402608483,3.92067255008157,0.0593246879831735,"Summer",0,0,1,3
"215","HZ SUMMER12",9,"Control","Higher",0.00892795211461139,0.00047936793436464,18.6244249449947,0.00287052371429215,"Summer",0,0,1,3
"216","HZ SUMMER12",10,"Control","Higher",0.0059908574309342,0.000919760257635596,6.51349890495893,0.0227687168332849,"Summer",0,0,1,3
"217","HZ SUMMER12",11,"Control","Higher",0.00491907387857711,0.000209660478044724,23.4620941650614,0.001811694603351,"Summer",0,0,1,3
"218","HZ SUMMER12",12,"Control","Higher",0.0111663387250547,0.00219228326246199,5.09347442287846,0.0364508535577407,"Summer",0,0,1,3
"219","HZ SUMMER12",1,"Heat Shock","Higher",0.00609664846342776,0.00199246978906954,3.05984487035802,0.092263952658506,"Summer",0,1,1,3
"220","HZ SUMMER12",2,"Heat Shock","Higher",0.00526269670671947,0.00199461840075911,2.63844788793515,0.118625637535424,"Summer",0,1,1,3
"221","HZ SUMMER12",3,"Heat Shock","Higher",0.00409603025702308,0.00166127390681878,2.46559597439694,0.13256146062402,"Summer",0,1,1,3
"222","HZ SUMMER12",4,"Heat Shock","Higher",0.00324563535177614,0.000606995214827667,5.34705261671233,0.0332418951299275,"Summer",0,1,1,3
"223","HZ SUMMER12",5,"Heat Shock","Higher",0.00521946472511325,0.00244093286442743,2.13830736649022,0.165916532103809,"Summer",0,1,1,3
"224","HZ SUMMER12",6,"Heat Shock","Higher",0.00553652687453951,0.000744568486569913,7.43588665704246,0.0176093637233957,"Summer",0,1,1,3
"225","HZ SUMMER12",7,"Heat Shock","Higher",0.00525855166800792,0.00125542184788962,4.1886730558717,0.0525444894439332,"Summer",0,1,1,3
"226","HZ SUMMER12",8,"Heat Shock","Higher",0.00865716925362557,0.000815876347342035,10.6108839676857,0.00876511320742128,"Summer",0,1,1,3
"227","HZ SUMMER12",9,"Heat Shock","Higher",0.00674456700831889,0.00189849322927168,3.55258944531834,0.0709093488149225,"Summer",0,1,1,3
"228","HZ SUMMER12",10,"Heat Shock","Higher",0.003282308284531,0.00177342618193164,1.8508288182347,0.205408939040577,"Summer",0,1,1,3
"229","HZ SUMMER12",11,"Heat Shock","Higher",0.00374381386072004,0.000676145867708632,5.53699140898002,0.0311038362088755,"Summer",0,1,1,3
"230","HZ SUMMER12",12,"Heat Shock","Higher",0.00549922101364312,0.00224365648783532,2.45100845136448,0.133840453651558,"Summer",0,1,1,3
"231","HZ SUMMER13",1,"Control","Higher",0.00631411464838961,0.000486677268509913,12.9739255497219,0.00588854395932115,"Summer",0,0,1,4
"232","HZ SUMMER13",2,"Control","Higher",0.00457281795491578,0.00189248353288288,2.4163052811085,0.136952980413854,"Summer",0,0,1,4
"233","HZ SUMMER13",3,"Control","Higher",0.00714693783637614,0.000460644521286715,15.5150826854787,0.00412853352748362,"Summer",0,0,1,4
"234","HZ SUMMER13",4,"Control","Higher",0.00838189817237384,0.00276873205023754,3.02734176521513,0.0939836932691721,"Summer",0,0,1,4
"235","HZ SUMMER13",5,"Control","Higher",0.00835275649097529,NA,NA,NA,"Summer",0,0,1,4
"236","HZ SUMMER13",6,"Control","Higher",0.00693969441440841,0.000476003347301916,14.579087423952,0.00467183578526216,"Summer",0,0,1,4
"237","HZ SUMMER13",7,"Control","Higher",0.0106940248960811,0.000378633978537743,28.2437010470658,0.00125124133176651,"Summer",0,0,1,4
"238","HZ SUMMER13",8,"Control","Higher",0.00836362906192066,0.000717252711978393,11.660644738242,0.00727437734071936,"Summer",0,0,1,4
"239","HZ SUMMER13",9,"Control","Higher",0.00579256311022214,NA,NA,NA,"Summer",0,0,1,4
"240","HZ SUMMER13",10,"Control","Higher",0.00435885810342343,0.00104494471602465,4.17137675953434,0.149789457186474,"Summer",0,0,1,4
"241","HZ SUMMER13",11,"Control","Higher",0.00597147343472234,0.00118396804162372,5.04361032121521,0.0371353141280526,"Summer",0,0,1,4
"242","HZ SUMMER13",12,"Control","Higher",0.00294464381787335,0.00137843655447811,2.13622005910037,0.166164546606475,"Summer",0,0,1,4
"243","HZ SUMMER13",1,"Heat Shock","Higher",0.00589265427134792,0.000893007572080684,6.59866103667877,0.0222041065673346,"Summer",0,1,1,4
"244","HZ SUMMER13",2,"Heat Shock","Higher",0.00759672557082175,0.00315549084316693,2.40746240391479,0.137762168710185,"Summer",0,1,1,4
"245","HZ SUMMER13",3,"Heat Shock","Higher",0.0022509398949531,0.000781248303939188,2.88120932052393,0.212674281505158,"Summer",0,1,1,4
"246","HZ SUMMER13",4,"Heat Shock","Higher",0.00739563123169808,0.00387466309884618,1.90871594330366,0.19651326244618,"Summer",0,1,1,4
"247","HZ SUMMER13",5,"Heat Shock","Higher",0.00607104417117891,0.00154979913339075,3.91731034066092,0.05941766739912,"Summer",0,1,1,4
"248","HZ SUMMER13",6,"Heat Shock","Higher",0.00447234173947899,0.00176229761764038,2.53779026579358,0.238962248650869,"Summer",0,1,1,4
"249","HZ SUMMER13",8,"Heat Shock","Higher",0.00573733080129054,0.00129534453018511,4.42919290396869,0.0473807513947367,"Summer",0,1,1,4
"250","HZ SUMMER13",9,"Heat Shock","Higher",0.00566345553110862,0.00150599083971906,3.76061751621618,0.0639970675620792,"Summer",0,1,1,4
"251","HZ SUMMER13",10,"Heat Shock","Higher",0.00900197210537844,0.000858509091058249,10.4855873969629,0.00897301270178226,"Summer",0,1,1,4
"252","HZ SUMMER13",11,"Heat Shock","Higher",0.00670729736355367,0.000446834530249118,15.0106961514685,0.00440878434846026,"Summer",0,1,1,4
"253","HZ SUMMER13",12,"Heat Shock","Higher",0.00619513976963755,0.00142939959184375,4.33408530755672,0.0493299729616256,"Summer",0,1,1,4
"254","HZ SUMMER9",1,"Control","Higher",0.00574177304859369,0.0010871777025877,5.28135652058273,0.0132385446273741,"Summer",0,0,1,1
"255","HZ SUMMER9",2,"Control","Higher",0.0074474939710142,0.000901836238301141,8.25814449976375,0.00371843304652195,"Summer",0,0,1,1
"256","HZ SUMMER9",3,"Control","Higher",0.00730341932905322,0.00206275355715565,3.54061652382942,0.0383468048788903,"Summer",0,0,1,1
"257","HZ SUMMER9",4,"Control","Higher",0.00595907342973871,0.000796970481949803,7.4771570148492,0.00495427457844977,"Summer",0,0,1,1
"258","HZ SUMMER9",5,"Control","Higher",0.00621457529309768,0.00184328064022097,3.37147537791786,0.043363511878663,"Summer",0,0,1,1
"259","HZ SUMMER9",6,"Control","Higher",0.00688336832628353,0.00137512647090907,5.00562564382392,0.0153450601355752,"Summer",0,0,1,1
"260","HZ SUMMER9",7,"Control","Higher",0.00272759573590289,NA,NA,NA,"Summer",0,0,1,1
"261","HZ SUMMER9",8,"Control","Higher",0.00678844841544178,NA,NA,NA,"Summer",0,0,1,1
"262","HZ SUMMER9",9,"Control","Higher",0.00609791244816444,0.00196583439472908,3.10194615808664,0.0532146490908944,"Summer",0,0,1,1
"263","HZ SUMMER9",10,"Control","Higher",0.00541240141390667,0.00103485168437053,5.23012282402466,0.0136000254698885,"Summer",0,0,1,1
"264","HZ SUMMER9",11,"Control","Higher",0.00516127395605634,0.00100977001456706,5.11133612763222,0.122996969684699,"Summer",0,0,1,1
"265","HZ SUMMER9",12,"Control","Higher",0.00976684972562384,0.00245932292738338,3.971357163744,0.0579483109538454,"Summer",0,0,1,1
"266","HZ SUMMER9",1,"Heat Shock","Higher",0.00777570578688163,0.00102038537763316,7.62036183321029,0.00469088508773851,"Summer",0,1,1,1
"267","HZ SUMMER9",2,"Heat Shock","Higher",0.00422903316279989,0.000702518637708869,6.01981632343888,0.0091870420887168,"Summer",0,1,1,1
"268","HZ SUMMER9",3,"Heat Shock","Higher",0.00440113305256406,0.000700524142773487,6.28262865450899,0.00814309892573018,"Summer",0,1,1,1
"269","HZ SUMMER9",4,"Heat Shock","Higher",0.00601870109895224,0.00162351242642673,3.70720975151332,0.0341072877071008,"Summer",0,1,1,1
"270","HZ SUMMER9",5,"Heat Shock","Higher",0.00435524530518188,0.000284657533411981,15.2999474595973,0.000606403943761272,"Summer",0,1,1,1
"271","HZ SUMMER9",6,"Heat Shock","Higher",0.00543587918189283,0.00152949464546882,3.55403609813006,0.0379812078900073,"Summer",0,1,1,1
"272","HZ SUMMER9",7,"Heat Shock","Higher",0.00561778872750873,0.000853773225520368,6.57995420749431,0.00714200602638928,"Summer",0,1,1,1
"273","HZ SUMMER9",8,"Heat Shock","Higher",0.00575332811112858,0.000243182217945851,23.6585066117362,0.000165471244179195,"Summer",0,1,1,1
"274","HZ SUMMER9",9,"Heat Shock","Higher",0.00512424817899535,0.0019865720938995,2.57944234429308,0.0818193876115993,"Summer",0,1,1,1
"275","HZ SUMMER9",10,"Heat Shock","Higher",0.00536917751428767,0.00151040625164532,3.55479031448587,0.0379607925839324,"Summer",0,1,1,1
"276","HZ SUMMER9",11,"Heat Shock","Higher",0.0061226613720553,0.000748496206902976,8.17994976539534,0.00382237037663,"Summer",0,1,1,1
"277","Lower zone WINTER 1",1,"Control","Lower",0.00953420464220138,0.000840009532957889,11.3501148119462,0.055944822321489,"Winter",1,0,0,17
"278","Lower zone WINTER 1",3,"Control","Lower",0.00950197717360588,1.90836580182173e-05,497.911729739408,0.00127857786507961,"Winter",1,0,0,17
"279","Lower zone WINTER 1",4,"Control","Lower",0.0103520205179025,0.00046024283106967,22.4925187728462,0.0282849965870691,"Winter",1,0,0,17
"280","Lower zone WINTER 1",5,"Control","Lower",0.0104493105830331,0.00300462104011507,3.47774659217354,0.178246591251661,"Winter",1,0,0,17
"281","Lower zone WINTER 1",6,"Control","Lower",0.0098988573106237,0.000241745697140707,40.9473981448452,0.0155441684606464,"Winter",1,0,0,17
"282","Lower zone WINTER 1",7,"Control","Lower",0.0101897364306437,0.00117301034892847,8.68682568738794,0.0729644875133255,"Winter",1,0,0,17
"283","Lower zone WINTER 1",8,"Control","Lower",0.010383885092738,0.00319023414948329,3.25489747967869,0.18976104221226,"Winter",1,0,0,17
"284","Lower zone WINTER 1",9,"Control","Lower",0.01000828804906,0.0016262871073025,6.15407206028986,0.102550591776494,"Winter",1,0,0,17
"285","Lower zone WINTER 1",10,"Control","Lower",0.0101556864845588,0.000405705460939987,25.0321660966281,0.0254185528851402,"Winter",1,0,0,17
"286","Lower zone WINTER 1",11,"Control","Lower",0.0107013445539062,0.00165943729045909,6.44877912255766,0.0979393765569087,"Winter",1,0,0,17
"287","Lower zone WINTER 1",12,"Control","Lower",0.0103712063355815,0.000492303237825729,21.0667034841904,0.030196573780087,"Winter",1,0,0,17
"288","Lower zone WINTER 1",1,"Heat Shock","Lower",0.00710552614097702,0.000709999511810377,10.0077901784174,0.0634019699170055,"Winter",1,1,0,17
"289","Lower zone WINTER 1",2,"Heat Shock","Lower",0.00863979184207798,0.000965441214448101,8.94906050495985,0.0708442751170854,"Winter",1,1,0,17
"290","Lower zone WINTER 1",3,"Heat Shock","Lower",0.00647933368734438,0.00239412019439363,2.70635271467038,0.225325790364656,"Winter",1,1,0,17
"291","Lower zone WINTER 1",4,"Heat Shock","Lower",0.00853452881333849,0.00411209619256979,2.07546915579448,0.285840445421406,"Winter",1,1,0,17
"292","Lower zone WINTER 1",5,"Heat Shock","Lower",0.00888964813755224,0.00645422031124431,1.37733881225979,0.399789630519797,"Winter",1,1,0,17
"293","Lower zone WINTER 1",6,"Heat Shock","Lower",0.0144062423240035,6.27466722274066e-05,229.593726848053,0.00277279242545937,"Winter",1,1,0,17
"294","Lower zone WINTER 1",7,"Heat Shock","Lower",0.0129844125596461,6.88121838760498e-05,188.693510774701,0.00337379812306455,"Winter",1,1,0,17
"295","Lower zone WINTER 1",8,"Heat Shock","Lower",0.00761122823086492,NA,NA,NA,"Winter",1,1,0,17
"296","Lower zone WINTER 1",9,"Heat Shock","Lower",0.00794851188989014,0.000246266744787565,32.2760261307173,0.0197179226281574,"Winter",1,1,0,17
"297","Lower zone WINTER 1",10,"Heat Shock","Lower",0.0078535614258568,0.00099940110782806,7.85826768085587,0.0805796383626685,"Winter",1,1,0,17
"298","Lower zone WINTER 1",11,"Heat Shock","Lower",0.0116352054699289,0.000544878157917755,21.3537747858948,0.0297912199686715,"Winter",1,1,0,17
"299","Lower zone WINTER 1",12,"Heat Shock","Lower",0.0135432593770185,0.000268214136362226,50.4942042231815,0.0126061311892061,"Winter",1,1,0,17
"300","Lower zone WINTER 3",1,"Control","Lower",0.00747384653909001,0.000461949020374595,16.1789422846475,0.0392986709083928,"Winter",1,0,0,19
"301","Lower zone WINTER 3",2,"Control","Lower",0.00713219733070096,0.00104984654241183,6.79356176600441,0.0930411342353493,"Winter",1,0,0,19
"302","Lower zone WINTER 3",3,"Control","Lower",0.0100415256136658,0.00432748214636504,2.32040832845501,0.259044925598424,"Winter",1,0,0,19
"303","Lower zone WINTER 3",4,"Control","Lower",0.00965779524487773,0.000270980661343543,35.6401641246044,0.0178577401136163,"Winter",1,0,0,19
"304","Lower zone WINTER 3",5,"Control","Lower",0.0149317007255882,0.0023294824523383,6.40987903154195,0.0985243307821168,"Winter",1,0,0,19
"305","Lower zone WINTER 3",6,"Control","Lower",0.011931990373052,0.00154779026175068,7.70904861460746,0.0821222817631186,"Winter",1,0,0,19
"306","Lower zone WINTER 3",7,"Control","Lower",0.0104752342116116,0.000675810486512195,15.500254021913,0.0410147295376112,"Winter",1,0,0,19
"307","Lower zone WINTER 3",8,"Control","Lower",0.0095697817453366,0.00292231387850884,3.27472754234728,0.188678247507468,"Winter",1,0,0,19
"308","Lower zone WINTER 3",9,"Control","Lower",0.0116747412434417,0.000499466978794503,23.374400589243,0.0272191706944225,"Winter",1,0,0,19
"309","Lower zone WINTER 3",10,"Control","Lower",0.0093498981594189,0.00390134402813933,2.39658386750326,0.25165393603127,"Winter",1,0,0,19
"310","Lower zone WINTER 3",11,"Control","Lower",0.010881996917668,0.00124327775343582,8.75266760592749,0.0128031188285781,"Winter",1,0,0,19
"311","Lower zone WINTER 3",12,"Control","Lower",0.009106545608369,0.000774482500415022,11.7582328890441,0.0540124969480097,"Winter",1,0,0,19
"312","Lower zone WINTER 3",1,"Heat Shock","Lower",0.00547517486918886,0.00313430782739784,1.74685294830612,0.330992513602672,"Winter",1,1,0,19
"313","Lower zone WINTER 3",2,"Heat Shock","Lower",0.00749915456220237,0.000255148884834003,29.3912888041083,0.0216517994278167,"Winter",1,1,0,19
"314","Lower zone WINTER 3",3,"Heat Shock","Lower",0.00759695486847304,NA,NA,NA,"Winter",1,1,0,19
"315","Lower zone WINTER 3",4,"Heat Shock","Lower",0.0127315373634967,0.00516999811447119,2.46258065894845,0.245566582439888,"Winter",1,1,0,19
"316","Lower zone WINTER 3",5,"Heat Shock","Lower",0.00847892066290309,0.00328317779318357,2.58253472611405,0.235191381116597,"Winter",1,1,0,19
"317","Lower zone WINTER 3",6,"Heat Shock","Lower",0.00936889258192353,0.00322769579122961,2.90265662810633,0.211216039389247,"Winter",1,1,0,19
"318","Lower zone WINTER 3",7,"Heat Shock","Lower",0.0066286847415431,0.00263651756106052,2.51418190397971,0.240998637399917,"Winter",1,1,0,19
"319","Lower zone WINTER 3",8,"Heat Shock","Lower",0.00733013235120469,0.00766082487447216,0.956833300762503,0.514041215451148,"Winter",1,1,0,19
"320","Lower zone WINTER 3",9,"Heat Shock","Lower",0.00935963059465231,0.00270163466312762,3.46443237584792,0.178896178848946,"Winter",1,1,0,19
"321","Lower zone WINTER 3",10,"Heat Shock","Lower",0.00505634466512773,0.000180640697490202,27.9911710670957,0.0227339233365029,"Winter",1,1,0,19
"322","Lower zone WINTER 3",11,"Heat Shock","Lower",0.00970322979388985,0.00460026530249892,2.10927612992645,0.281838408417657,"Winter",1,1,0,19
"323","Lower zone WINTER 4",1,"Control","Lower",0.00981235190810744,0.00138330335805993,7.09342014601133,0.019300646036383,"Winter",1,0,0,20
"324","Lower zone WINTER 4",2,"Control","Lower",0.00934404480820735,0.000505540076396616,18.4832919178431,0.0344094389948996,"Winter",1,0,0,20
"325","Lower zone WINTER 4",3,"Control","Lower",0.0124755361504452,8.4979151157954e-05,146.807022433732,0.00433637244299509,"Winter",1,0,0,20
"326","Lower zone WINTER 4",4,"Control","Lower",0.00872160392523751,0.00122397668565015,7.12562912961432,0.0887625609640044,"Winter",1,0,0,20
"327","Lower zone WINTER 4",5,"Control","Lower",0.0117921151006034,0.000167334862866363,70.4701632320386,0.00903328468129654,"Winter",1,0,0,20
"328","Lower zone WINTER 4",6,"Control","Lower",0.00875659289021012,0.0010087124683462,8.68096029839572,0.0730133557653818,"Winter",1,0,0,20
"329","Lower zone WINTER 4",7,"Control","Lower",0.00969362612337332,0.00128885089271204,7.52113854146131,0.0841505149728684,"Winter",1,0,0,20
"330","Lower zone WINTER 4",8,"Control","Lower",0.00980357942882385,0.00149753483723936,6.54647837568595,0.0965001866979494,"Winter",1,0,0,20
"331","Lower zone WINTER 4",9,"Control","Lower",0.0111768169679148,0.000334797169750944,33.3838454376101,0.0190639951165088,"Winter",1,0,0,20
"332","Lower zone WINTER 4",10,"Control","Lower",0.00856117485077081,0.000736629026110452,11.622098162457,0.0546420840920914,"Winter",1,0,0,20
"333","Lower zone WINTER 4",11,"Control","Lower",0.0115112893890907,0.00146637954310239,7.85014319330754,0.0806621448382492,"Winter",1,0,0,20
"334","Lower zone WINTER 4",12,"Control","Lower",0.00959294437808111,0.00056824860211516,16.8815978470934,0.0376668563548046,"Winter",1,0,0,20
"335","Lower zone WINTER 4",1,"Heat Shock","Lower",0.0071667011442573,0.00255567195982176,2.80423358589305,0.218071346057124,"Winter",1,1,0,20
"336","Lower zone WINTER 4",2,"Heat Shock","Lower",0.0133177766326676,0.000380192107210546,35.0290718299746,0.000813977180044274,"Winter",1,1,0,20
"337","Lower zone WINTER 4",3,"Heat Shock","Lower",0.0123866140698451,0.00335801362222991,3.68867296661522,0.066272687651177,"Winter",1,1,0,20
"338","Lower zone WINTER 4",4,"Heat Shock","Lower",0.0142219290733468,0.00252355571263421,5.63567073322159,0.0300723374197838,"Winter",1,1,0,20
"339","Lower zone WINTER 4",5,"Heat Shock","Lower",0.00788504252209677,0.00167121578366183,4.71814747035223,0.132962364380727,"Winter",1,1,0,20
"340","Lower zone WINTER 4",6,"Heat Shock","Lower",0.0118473617337725,0.00336690974134479,3.51876428057751,0.176273949637497,"Winter",1,1,0,20
"341","Lower zone WINTER 4",7,"Heat Shock","Lower",0.00855922342086081,2.61653623188431e-05,327.120385972903,0.00194612692018481,"Winter",1,1,0,20
"342","Lower zone WINTER 4",8,"Heat Shock","Lower",0.00674365655485375,0.0061152697597244,1.10275700334071,0.468914553050379,"Winter",1,1,0,20
"343","Lower zone WINTER 4",9,"Heat Shock","Lower",0.0140202698348902,0.00243590250624458,5.75567774118562,0.109514063164375,"Winter",1,1,0,20
"344","Lower zone WINTER 4",10,"Heat Shock","Lower",0.0120249455470848,0.00528726467301172,2.27432260171594,0.263718637364509,"Winter",1,1,0,20
"345","Lower zone WINTER 4",11,"Heat Shock","Lower",0.00799089725536859,0.00309820060345722,2.57920589339881,0.235468007060582,"Winter",1,1,0,20
"346","Lower zone WINTER 4",12,"Heat Shock","Lower",0.00890119241373383,0.00164379548789845,5.41502424070634,0.116255684719419,"Winter",1,1,0,20
"347","Lower zone WINTER 5",1,"Control","Lower",0.00746580982176337,0.000728426736691309,10.2492254137662,0.0619179585859919,"Winter",1,0,0,21
"348","Lower zone WINTER 5",2,"Control","Lower",0.00726169869599585,0.00145483369884462,4.99142871227333,0.125876134078968,"Winter",1,0,0,21
"349","Lower zone WINTER 5",3,"Control","Lower",0.00759686312247382,0.000739196887389347,10.277184945007,0.0617505640893103,"Winter",1,0,0,21
"350","Lower zone WINTER 5",4,"Control","Lower",0.0104922262376621,0.00400848514156423,2.61750408623637,0.232322486408608,"Winter",1,0,0,21
"351","Lower zone WINTER 5",5,"Control","Lower",0.00983486243771682,0.000721223864258094,13.6363519360715,0.0466020708250049,"Winter",1,0,0,21
"352","Lower zone WINTER 5",6,"Control","Lower",0.0083199382080251,0.000335216237570748,24.8196157451029,0.0256359981667617,"Winter",1,0,0,21
"353","Lower zone WINTER 5",7,"Control","Lower",0.00971442480648566,0.00157456177509615,6.16960538489665,0.102296825319856,"Winter",1,0,0,21
"354","Lower zone WINTER 5",8,"Control","Lower",0.015642217844811,0.00295772516058067,5.28859748474401,0.118971306575832,"Winter",1,0,0,21
"355","Lower zone WINTER 5",9,"Control","Lower",0.0123903726486356,0.000986692534622022,12.5574808908248,0.0505896969244744,"Winter",1,0,0,21
"356","Lower zone WINTER 5",10,"Control","Lower",0.00740674997819398,0.000918118218801252,8.06731619797792,0.0785129610912051,"Winter",1,0,0,21
"357","Lower zone WINTER 5",11,"Control","Lower",0.0150047975100782,0.000941499089249367,15.9371343864402,0.03989338613583,"Winter",1,0,0,21
"358","Lower zone WINTER 5",12,"Control","Lower",0.010702963653915,0.00190447511441917,5.61990207846809,0.112106161130356,"Winter",1,0,0,21
"359","Lower zone WINTER 5",1,"Heat Shock","Lower",0.0100155133382092,0.0018229143938491,5.49423131004051,0.114615932319751,"Winter",1,1,0,21
"360","Lower zone WINTER 5",2,"Heat Shock","Lower",0.0084567068404885,0.000572258903679335,14.7777636767487,0.0430139990525434,"Winter",1,1,0,21
"361","Lower zone WINTER 5",3,"Heat Shock","Lower",0.00867210131353363,0.000261691598900759,33.1386309303049,0.0192049768880484,"Winter",1,1,0,21
"362","Lower zone WINTER 5",4,"Heat Shock","Lower",0.00988604551510392,0.000864972611545406,11.4293162386275,0.055559115273205,"Winter",1,1,0,21
"363","Lower zone WINTER 5",5,"Heat Shock","Lower",0.0102715401553675,0.0012386559360905,8.29248854026971,0.0764017299593184,"Winter",1,1,0,21
"364","Lower zone WINTER 5",6,"Heat Shock","Lower",0.00461382758206638,0.0023929556701327,1.9280873606031,0.304593927034417,"Winter",1,1,0,21
"365","Lower zone WINTER 5",7,"Heat Shock","Lower",0.00570951145538789,0.000634276904874392,9.00160704498387,0.0704341006107716,"Winter",1,1,0,21
"366","Lower zone WINTER 5",8,"Heat Shock","Lower",0.00820660408029371,0.00122888249129194,6.67810318598159,0.0946263415816941,"Winter",1,1,0,21
"367","Lower zone WINTER 5",9,"Heat Shock","Lower",0.00955815940172861,0.00236894422468681,4.03477604163191,0.154666531320688,"Winter",1,1,0,21
"368","Lower zone WINTER 5",10,"Heat Shock","Lower",0.00937967286755455,0.000684136509415937,13.7102358059537,0.0463518232699226,"Winter",1,1,0,21
"369","Lower zone WINTER 5",11,"Heat Shock","Lower",0.00933423565782129,0.0019946556019826,4.67962271208297,0.13402503783255,"Winter",1,1,0,21
"370","Lower zone WINTER 5",12,"Heat Shock","Lower",0.00499095099161371,0.00171258743091248,2.91427514970988,0.210434089148877,"Winter",1,1,0,21
"371","Lower zone WINTER 6",1,"Control","Lower",0.00919684882595819,0.00260696421427945,3.52780018060208,0.0718042380011045,"Winter",1,0,0,22
"372","Lower zone WINTER 6",2,"Control","Lower",0.0116188596768819,0.000270946813755399,42.8824370209091,0.0148430093012533,"Winter",1,0,0,22
"373","Lower zone WINTER 6",3,"Control","Lower",0.0105467999591017,9.80323314228436e-05,107.584914140317,0.00591719986442208,"Winter",1,0,0,22
"374","Lower zone WINTER 6",4,"Control","Lower",0.010388996840452,0.00142096089174016,7.31124755145738,0.0865370614959591,"Winter",1,0,0,22
"375","Lower zone WINTER 6",5,"Control","Lower",0.0109371291684721,0.000342811183884832,31.9042367420151,0.0199475518376157,"Winter",1,0,0,22
"376","Lower zone WINTER 6",6,"Control","Lower",0.0163909698059931,0.00130034272857212,12.6051151329863,0.0503993197099053,"Winter",1,0,0,22
"377","Lower zone WINTER 6",7,"Control","Lower",0.0102295840225263,0.000794698113504555,12.8722892991587,0.0493574744634877,"Winter",1,0,0,22
"378","Lower zone WINTER 6",8,"Control","Lower",0.00967246397878796,0.00106711594744621,9.06411716733862,0.0119538275858698,"Winter",1,0,0,22
"379","Lower zone WINTER 6",9,"Control","Lower",0.0118126598099152,6.45209055470182e-05,183.082672348841,0.00347719111497091,"Winter",1,0,0,22
"380","Lower zone WINTER 6",10,"Control","Lower",0.0118517230270389,0.000220565320059726,53.7333930095159,0.0118463818281785,"Winter",1,0,0,22
"381","Lower zone WINTER 6",11,"Control","Lower",0.0125431197338706,0.00195906645190673,6.40260044352378,0.0986345521105668,"Winter",1,0,0,22
"382","Lower zone WINTER 6",12,"Control","Lower",0.00962906444314128,0.00101838418324256,9.45523762209479,0.0670804866583417,"Winter",1,0,0,22
"383","Lower zone WINTER 6",1,"Heat Shock","Lower",0.0118120505012069,0.000213925477801264,55.2157256938803,0.0115284219161689,"Winter",1,1,0,22
"384","Lower zone WINTER 6",2,"Heat Shock","Lower",0.00979034886786039,0.000851555811585259,11.497013741982,0.0552336123502096,"Winter",1,1,0,22
"385","Lower zone WINTER 6",3,"Heat Shock","Lower",0.0109255783923479,0.00082472066950406,13.24761073215,0.0479644777024175,"Winter",1,1,0,22
"386","Lower zone WINTER 6",4,"Heat Shock","Lower",0.0102827089192587,0.00222644238750094,4.61844823696537,0.135747298588533,"Winter",1,1,0,22
"387","Lower zone WINTER 6",5,"Heat Shock","Lower",0.0087389469530645,0.000412093155373501,21.2062414507806,0.0299981740068209,"Winter",1,1,0,22
"388","Lower zone WINTER 6",6,"Heat Shock","Lower",0.00997670624648582,0.00403744281720152,2.47104583227286,0.244805964189243,"Winter",1,1,0,22
"389","Lower zone WINTER 6",7,"Heat Shock","Lower",0.0088260755984805,0.000876513372752496,10.0695275997492,0.0630157871330792,"Winter",1,1,0,22
"390","Lower zone WINTER 6",8,"Heat Shock","Lower",0.0112511032523878,0.00221152660713145,5.08748265388564,0.123559319058506,"Winter",1,1,0,22
"391","Lower zone WINTER 6",9,"Heat Shock","Lower",0.0100142374422704,0.000480549678388546,20.8391304637883,0.0305258319439343,"Winter",1,1,0,22
"392","Lower zone WINTER 6",10,"Heat Shock","Lower",0.00502865491860011,0.00150996830585922,3.33030494685692,0.18570647788459,"Winter",1,1,0,22
"393","Lower zone WINTER 6",11,"Heat Shock","Lower",0.0106593230388709,0.000878566760010767,12.1326272789336,0.052353376640824,"Winter",1,1,0,22
"394","Lower zone WINTER 6",12,"Heat Shock","Lower",0.00667877968374654,4.91833669803332e-05,135.793462176291,0.00468806269834478,"Winter",1,1,0,22
"395","Lower zone WINTER 7",1,"Control","Lower",0.00856350925947369,0.000701607299100833,12.2055589650343,0.0520419462842111,"Winter",1,0,0,23
"396","Lower zone WINTER 7",2,"Control","Lower",0.0157558456935584,0.00381001457081298,4.13537675531682,0.151045238852953,"Winter",1,0,0,23
"397","Lower zone WINTER 7",3,"Control","Lower",0.00914431288085917,5.71398177134216e-05,160.033987625257,0.00397797677986387,"Winter",1,0,0,23
"398","Lower zone WINTER 7",4,"Control","Lower",0.00735648631802592,0.00207390746584484,3.54716227178878,0.174932962028499,"Winter",1,0,0,23
"399","Lower zone WINTER 7",5,"Control","Lower",0.00906004660999142,0.000926194346696459,9.78201458722643,0.0648553395962218,"Winter",1,0,0,23
"400","Lower zone WINTER 7",6,"Control","Lower",0.0113404623014322,0.00110960571611312,10.2202630508764,0.0620923136763252,"Winter",1,0,0,23
"401","Lower zone WINTER 7",7,"Control","Lower",0.00681936122340689,0.000453085923230225,15.0509227362197,0.0422356481167988,"Winter",1,0,0,23
"402","Lower zone WINTER 7",8,"Control","Lower",0.0107141023613338,0.000732455394826102,14.6276516454322,0.0434540548682203,"Winter",1,0,0,23
"403","Lower zone WINTER 7",9,"Control","Lower",0.00950131742815959,0.000316542233864524,30.0159549396054,0.0212015375114636,"Winter",1,0,0,23
"404","Lower zone WINTER 7",10,"Control","Lower",0.00958713966544394,0.000864729835266463,11.0868612073385,0.0572661403450385,"Winter",1,0,0,23
"405","Lower zone WINTER 7",11,"Control","Lower",0.00870887665094013,0.000561631973191689,15.5063761798471,0.0409985810310345,"Winter",1,0,0,23
"406","Lower zone WINTER 7",12,"Control","Lower",0.00713048362508121,0.000568684352620112,12.5385613165349,0.0506657105971097,"Winter",1,0,0,23
"407","Lower zone WINTER 7",1,"Heat Shock","Lower",0.00907616277725245,0.000801919049295933,11.3180535930916,0.0561024819462506,"Winter",1,1,0,23
"408","Lower zone WINTER 7",2,"Heat Shock","Lower",0.00879007627915271,0.000166090730541089,52.9233404568484,0.0120276614975787,"Winter",1,1,0,23
"409","Lower zone WINTER 7",3,"Heat Shock","Lower",0.0105274944076137,0.00143835112404898,7.31914080755096,0.0864448799905117,"Winter",1,1,0,23
"410","Lower zone WINTER 7",4,"Heat Shock","Lower",0.0116282653929005,0.00562745158778849,2.06634658894866,0.286938573143203,"Winter",1,1,0,23
"411","Lower zone WINTER 7",5,"Heat Shock","Lower",0.0111874152994912,0.00110928251477367,10.0852714709686,0.0629180545482198,"Winter",1,1,0,23
"412","Lower zone WINTER 7",6,"Heat Shock","Lower",0.0109582673270976,0.00258973000531829,4.23143235186434,0.147739558880718,"Winter",1,1,0,23
"413","Lower zone WINTER 7",7,"Heat Shock","Lower",0.00967712979767534,0.000345953729133225,27.9723239923473,0.0227492278715936,"Winter",1,1,0,23
"414","Lower zone WINTER 7",8,"Heat Shock","Lower",0.0089041207195647,0.000364358648572801,24.437791594744,0.026036100436923,"Winter",1,1,0,23
"415","Lower zone WINTER 7",9,"Heat Shock","Lower",0.0153866942299009,0.00119901623193238,12.8327655790807,0.0495088796302493,"Winter",1,1,0,23
"416","Lower zone WINTER 7",10,"Heat Shock","Lower",0.0101324608202879,0.00120110200456987,8.4359702854018,0.0751143936081665,"Winter",1,1,0,23
"417","Lower zone WINTER 7",11,"Heat Shock","Lower",0.0100351833264015,0.00208986707471125,4.80182852193508,0.13071036123694,"Winter",1,1,0,23
"418","Lower zone WINTER 7",12,"Heat Shock","Lower",0.0105285539443668,0.00188518299619285,5.58489757526422,0.112794240943356,"Winter",1,1,0,23
"419","Lower zone WINTER 8",5,"Control","Lower",0.00852065567092185,NA,NA,NA,"Winter",1,0,0,24
"420","Lower zone WINTER 8",1,"Heat Shock","Lower",0.00568019445183648,NA,NA,NA,"Winter",1,1,0,24
"421","LZ SUMMER2",1,"Control","Lower",0.00444425188827133,0.000909473511658995,4.88662048019898,0.0394181766063126,"Summer",0,0,0,13
"422","LZ SUMMER2",3,"Control","Lower",0.00340517482126072,0.00110156301895177,3.09122107648551,0.0906461317568631,"Summer",0,0,0,13
"423","LZ SUMMER2",4,"Control","Lower",0.00537282449080078,0.00124291359857993,4.32276587603469,0.0495697410107086,"Summer",0,0,0,13
"424","LZ SUMMER2",5,"Control","Lower",0.00659411822478491,0.000915078056270808,7.20607185321188,0.0187186178789957,"Summer",0,0,0,13
"425","LZ SUMMER2",6,"Control","Lower",0.00461548916094395,0.00107699392476581,4.2855294303982,0.0503706156537,"Summer",0,0,0,13
"426","LZ SUMMER2",7,"Control","Lower",0.0081482680993125,0.000848053604002583,9.60819936482186,0.0106592971491132,"Summer",0,0,0,13
"427","LZ SUMMER2",8,"Control","Lower",0.00470181059569297,0.000414125942350336,11.3535765690221,0.00766860719062775,"Summer",0,0,0,13
"428","LZ SUMMER2",9,"Control","Lower",0.00616780383870696,NA,NA,NA,"Summer",0,0,0,13
"429","LZ SUMMER2",10,"Control","Lower",0.00490665183225797,0.000713037396268553,6.8813387038819,0.0204718132764347,"Summer",0,0,0,13
"430","LZ SUMMER2",11,"Control","Lower",0.00668770021905656,0.00114294379924186,5.85129402118695,0.00995029032464639,"Summer",0,0,0,13
"431","LZ SUMMER2",12,"Control","Lower",0.00537134502035896,0.000454704355933091,11.812829479798,0.0013041176996439,"Summer",0,0,0,13
"432","LZ SUMMER2",1,"Heat Shock","Lower",0.00394227091383856,0.00122493530059126,3.21835031771529,0.0844899686351115,"Summer",0,1,0,13
"433","LZ SUMMER2",2,"Heat Shock","Lower",0.00533841079971262,0.00306132649545271,1.74382275384291,0.223310323918292,"Summer",0,1,0,13
"434","LZ SUMMER2",3,"Heat Shock","Lower",0.00612252915992304,0.00359920275621508,1.70107925966402,0.231033923738102,"Summer",0,1,0,13
"435","LZ SUMMER2",4,"Heat Shock","Lower",0.00508240990160274,0.00286265346035818,1.77541919480775,0.217817297296559,"Summer",0,1,0,13
"436","LZ SUMMER2",5,"Heat Shock","Lower",0.00642203331896135,0.00321124372147672,1.99985858314364,0.183522664829707,"Summer",0,1,0,13
"437","LZ SUMMER2",6,"Heat Shock","Lower",0.00353220591038372,0.000535406066738671,6.59724670641016,0.0222133130027333,"Summer",0,1,0,13
"438","LZ SUMMER2",7,"Heat Shock","Lower",0.00427956148083457,0.00201534418673857,2.12348913351629,0.167688238889784,"Summer",0,1,0,13
"439","LZ SUMMER2",8,"Heat Shock","Lower",0.00467744129362604,0.00255905525778026,1.82780003651945,0.209096731399675,"Summer",0,1,0,13
"440","LZ SUMMER2",9,"Heat Shock","Lower",0.00470215419072171,0.00179015920502293,2.62666816310423,0.119508440926815,"Summer",0,1,0,13
"441","LZ SUMMER2",11,"Heat Shock","Lower",0.00515386825752112,0.00250795155920845,2.05501108607846,0.176218932986163,"Summer",0,1,0,13
"442","LZ SUMMER2",12,"Heat Shock","Lower",0.00308129918998023,0.0014431980504066,2.13504944045075,0.166303861254438,"Summer",0,1,0,13
"443","LZ SUMMER3",1,"Control","Lower",0.00763414442917441,0.00263434217725828,2.89793197523023,0.101303444774169,"Summer",0,0,0,14
"444","LZ SUMMER3",2,"Control","Lower",0.00728788798149535,0.000578544314025674,12.5969399487901,0.00624292479752908,"Summer",0,0,0,14
"445","LZ SUMMER3",3,"Control","Lower",0.0067230936910241,0.000505894269406884,13.2895233205672,0.0478137761258861,"Summer",0,0,0,14
"446","LZ SUMMER3",4,"Control","Lower",0.00576876151593013,0.00166021339285386,3.47471086594103,0.07377642681735,"Summer",0,0,0,14
"447","LZ SUMMER3",5,"Control","Lower",0.00355473932484472,0.000800301358957081,4.44175095426191,0.0471318297256775,"Summer",0,0,0,14
"448","LZ SUMMER3",6,"Control","Lower",0.00696191894582158,0.000764534891876811,9.10608399929423,0.0118458448052103,"Summer",0,0,0,14
"449","LZ SUMMER3",7,"Control","Lower",0.00635780658608708,0.00252352689641747,2.51941304652347,0.127987588579255,"Summer",0,0,0,14
"450","LZ SUMMER3",8,"Control","Lower",0.00629183874197371,0.000261905263040073,24.0233383206623,0.00172824892380231,"Summer",0,0,0,14
"451","LZ SUMMER3",9,"Control","Lower",0.00738112528285282,0.00181022914304454,4.07745357056778,0.0552137447601214,"Summer",0,0,0,14
"452","LZ SUMMER3",10,"Control","Lower",0.00695534236120547,0.00165668229287553,4.19835619123625,0.0523210587922363,"Summer",0,0,0,14
"453","LZ SUMMER3",11,"Control","Lower",0.0051660901725697,0.00108384496272572,4.76644755498767,0.0413078434287619,"Summer",0,0,0,14
"454","LZ SUMMER3",12,"Control","Lower",0.00380834409212483,0.000917127314830439,4.15247047006655,0.0533922874826593,"Summer",0,0,0,14
"455","LZ SUMMER3",1,"Heat Shock","Lower",0.00555043932000352,0.0014568746576814,3.80982625426198,0.0317917605901878,"Summer",0,1,0,14
"456","LZ SUMMER3",2,"Heat Shock","Lower",0.00741968727327498,0.00357050542564764,2.0780495724717,0.285531247891748,"Summer",0,1,0,14
"457","LZ SUMMER3",3,"Heat Shock","Lower",0.0065657494429922,0.00207252897839436,3.16798921097781,0.0505588926489874,"Summer",0,1,0,14
"458","LZ SUMMER3",4,"Heat Shock","Lower",0.00549338338329153,0.00169341861333252,3.24396067224096,0.0833226081018738,"Summer",0,1,0,14
"459","LZ SUMMER3",5,"Heat Shock","Lower",0.00494565359583432,0.00171610111110477,2.88191270539442,0.0634299203122159,"Summer",0,1,0,14
"460","LZ SUMMER3",6,"Heat Shock","Lower",0.00805236294926155,0.00138751941234923,5.80342363327946,0.0101821683926616,"Summer",0,1,0,14
"461","LZ SUMMER3",8,"Heat Shock","Lower",0.00558370017723328,0.00126077939269327,4.42876859313618,0.0213867989913241,"Summer",0,1,0,14
"462","LZ SUMMER3",9,"Heat Shock","Lower",0.00549140417447114,0.00113694746768685,4.82995418041921,0.0169190500467457,"Summer",0,1,0,14
"463","LZ SUMMER3",10,"Heat Shock","Lower",0.00570223680750388,0.00171063425332329,3.33340502005382,0.044605897258657,"Summer",0,1,0,14
"464","LZ SUMMER3",11,"Heat Shock","Lower",0.00560806630550615,0.00181974590619974,3.08178536706685,0.0540602276523301,"Summer",0,1,0,14
"465","LZ SUMMER3",12,"Heat Shock","Lower",0.00921751804748772,0.00361859398276741,2.54726506797494,0.12570670900832,"Summer",0,1,0,14
"466","LZ SUMMER5",1,"Control","Lower",0.00521516302513262,0.00114822938010612,4.54191742128271,0.0452131705659898,"Summer",0,0,0,15
"467","LZ SUMMER5",2,"Control","Lower",0.00977614922376178,0.00149125370185183,6.55565797531419,0.0224865815105579,"Summer",0,0,0,15
"468","LZ SUMMER5",3,"Control","Lower",0.00710803323916083,0.00282316616334849,2.51775234891954,0.128125410098131,"Summer",0,0,0,15
"469","LZ SUMMER5",4,"Control","Lower",0.00639276501482487,0.000564712833065269,11.3203820428958,0.00771312637859978,"Summer",0,0,0,15
"470","LZ SUMMER5",5,"Control","Lower",0.00451221800744713,0.00124962467032894,3.61085861585892,0.0688682995627617,"Summer",0,0,0,15
"471","LZ SUMMER5",6,"Control","Lower",0.00280479678905276,NA,NA,NA,"Summer",0,0,0,15
"472","LZ SUMMER5",7,"Control","Lower",0.00326224895308106,0.00187432097168905,1.74049642636249,0.223899141130504,"Summer",0,0,0,15
"473","LZ SUMMER5",8,"Control","Lower",0.00671001218637756,0.00108997186414357,6.1561333894154,0.0253861550386608,"Summer",0,0,0,15
"474","LZ SUMMER5",9,"Control","Lower",0.00686635900090348,0.00290921790713146,2.36020787032548,0.142200786891419,"Summer",0,0,0,15
"475","LZ SUMMER5",10,"Control","Lower",0.00636432564722566,NA,NA,NA,"Summer",0,0,0,15
"476","LZ SUMMER5",11,"Control","Lower",0.0115067698090095,0.00191476114964087,6.00950662236265,0.0265904883569277,"Summer",0,0,0,15
"477","LZ SUMMER5",12,"Control","Lower",0.0077066059727308,0.000681829598649248,11.3028328309568,0.056177640044615,"Summer",0,0,0,15
"478","LZ SUMMER5",1,"Heat Shock","Lower",0.00425647045142468,0.00239366426225562,1.77822367093941,0.217338364815093,"Summer",0,1,0,15
"479","LZ SUMMER5",2,"Heat Shock","Lower",0.0060863838895014,0.00236291848726024,2.57579087992936,0.235752440418341,"Summer",0,1,0,15
"480","LZ SUMMER5",3,"Heat Shock","Lower",0.00531596243580028,0.000874645754657902,6.07784626803511,0.0260188833406668,"Summer",0,1,0,15
"481","LZ SUMMER5",4,"Heat Shock","Lower",0.00583625772605929,0.00229750741001903,2.54025632326946,0.126275287925302,"Summer",0,1,0,15
"482","LZ SUMMER5",5,"Heat Shock","Lower",0.00394352549528835,0.000934989857866051,4.21772007697362,0.0518783929578002,"Summer",0,1,0,15
"483","LZ SUMMER5",6,"Heat Shock","Lower",0.00453826150570188,0.001486993393072,3.05197153319305,0.0926763843781168,"Summer",0,1,0,15
"484","LZ SUMMER5",7,"Heat Shock","Lower",0.000518812820512092,0.00118052917781901,0.439474796777647,0.703242991517878,"Summer",0,1,0,15
"485","LZ SUMMER5",8,"Heat Shock","Lower",0.00393112676611568,0.00144026142786687,2.72945361866558,0.112104774899023,"Summer",0,1,0,15
"486","LZ SUMMER5",9,"Heat Shock","Lower",0.0041960371741564,0.000974162185319556,4.30732914640899,0.049899476762026,"Summer",0,1,0,15
"487","LZ SUMMER5",10,"Heat Shock","Lower",0.00681814400791104,0.00270201555249765,2.52335483473016,0.127661287450635,"Summer",0,1,0,15
"488","LZ SUMMER5",11,"Heat Shock","Lower",0.00588132015976716,0.00243762029482404,2.41273022392181,0.137279327125958,"Summer",0,1,0,15
"489","LZ SUMMER5",12,"Heat Shock","Lower",0.00189071830638212,0.00203635507342155,0.928481644021574,0.451176654129477,"Summer",0,1,0,15
"490","LZ SUMMER7",1,"Control","Lower",0.00713646262004518,0.000157988011095972,45.1709124669596,0.000489737259285525,"Summer",0,0,0,16
"491","LZ SUMMER7",2,"Control","Lower",0.00650233253523039,NA,NA,NA,"Summer",0,0,0,16
"492","LZ SUMMER7",4,"Control","Lower",0.0044483198101183,0.00127919699923467,3.47743139858809,0.0736734740557478,"Summer",0,0,0,16
"493","LZ SUMMER7",5,"Control","Lower",0.0082603576551739,0.00231964768440285,3.56103976940808,0.0706079743570545,"Summer",0,0,0,16
"494","LZ SUMMER7",6,"Control","Lower",0.00523956682784093,0.00240142506763884,2.18185730566752,0.160855226917951,"Summer",0,0,0,16
"495","LZ SUMMER7",7,"Control","Lower",0.00276444983334146,0.00219718046656157,1.25818059800414,0.335311043037332,"Summer",0,0,0,16
"496","LZ SUMMER7",8,"Control","Lower",0.00647555634561038,0.00107126202919546,6.04479218821343,0.026293058593672,"Summer",0,0,0,16
"497","LZ SUMMER7",9,"Control","Lower",0.00618684228362022,0.000562022358992822,11.0081782061258,0.00815142469819283,"Summer",0,0,0,16
"498","LZ SUMMER7",10,"Control","Lower",0.00540349608890218,0.00234228134635877,2.30693725042992,0.147445558597062,"Summer",0,0,0,16
"499","LZ SUMMER7",11,"Control","Lower",0.00634751987032784,0.00130092197526131,4.87924717318487,0.0395304242561519,"Summer",0,0,0,16
"500","LZ SUMMER7",12,"Control","Lower",0.00370492167318715,0.00119019948605984,3.1128577323221,0.0895540143128545,"Summer",0,0,0,16
"501","LZ SUMMER7",1,"Heat Shock","Lower",0.0074365023315456,0.00233883432223025,3.17957636454315,0.0863024449154297,"Summer",0,1,0,16
"502","LZ SUMMER7",3,"Heat Shock","Lower",0.00701735357073631,0.00298819116485576,2.34836166215458,0.143344522228426,"Summer",0,1,0,16
"503","LZ SUMMER7",4,"Heat Shock","Lower",0.00523537317322462,0.00212652873097612,2.46193390052223,0.132880934926619,"Summer",0,1,0,16
"504","LZ SUMMER7",5,"Heat Shock","Lower",0.00500763513400649,NA,NA,NA,"Summer",0,1,0,16
"505","LZ SUMMER7",6,"Heat Shock","Lower",0.00741553677904178,0.00292643033012882,2.53398712509768,0.126786924594997,"Summer",0,1,0,16
"506","LZ SUMMER7",7,"Heat Shock","Lower",0.00661009839240212,0.00326533129681311,2.02432702582229,0.18023281914344,"Summer",0,1,0,16
"507","LZ SUMMER7",8,"Heat Shock","Lower",0.00420702142424354,0.000892610292888272,4.71316705371011,0.0421884511701976,"Summer",0,1,0,16
"508","LZ SUMMER7",9,"Heat Shock","Lower",0.00752077778128404,0.00239582634039219,3.13911641027076,0.0882536985558018,"Summer",0,1,0,16
"509","LZ SUMMER7",10,"Heat Shock","Lower",0.00349692798200236,0.00129395437054582,2.70251259364522,0.113981457547473,"Summer",0,1,0,16
"510","LZ SUMMER7",11,"Heat Shock","Lower",0.000643297059057643,0.0021582299808082,0.298066964493165,0.793765722265932,"Summer",0,1,0,16
"511","LZ SUMMER7",12,"Heat Shock","Lower",-0.000527472063310062,0.00293172304294124,-0.179918790275932,0.873795438511544,"Summer",0,1,0,16
