"","X","embryo","yolk_area","embryo_area","yolk_embryo_ratio","mom","elevation","treatment","day_of_exp","julian_date"
"1",1,1,1436557,2534681,0.566760472027841,"HZ11","higher","HS",3,165
"2",2,2,1310420,2526968,0.518574038135821,"HZ11","higher","HS",3,165
"3",3,3,1481231,2524519,0.586737909280936,"HZ11","higher","HS",3,165
"4",4,4,1449430,2660213,0.544854866884719,"HZ11","higher","HS",3,165
"5",5,5,1359217,2603497,0.522073580265312,"HZ11","higher","HS",3,165
"6",6,6,1653859,2615484,0.632333824255855,"HZ11","higher","HS",3,165
"7",7,7,1874948,3849655,0.487043124643637,"HZ11","higher","HS",3,165
"8",8,8,1462592,2618239,0.55861668854524,"HZ11","higher","HS",3,165
"9",9,9,1185834,2553431,0.464408084651592,"HZ11","higher","HS",3,165
"10",10,10,1459778,2651865,0.550472214837482,"HZ11","higher","HS",3,165
"11",11,11,1508463,2653401,0.568501707808205,"HZ11","higher","HS",3,165
"12",12,12,8573184,7935464,1.0803632906658,"HZ11","higher","HS",3,165
"13",1,1,1116515,2629345,0.42463617364781,"HZ12","higher","HS",3,165
"14",2,2,1040298,2655320,0.391778768660651,"HZ12","higher","HS",3,165
"15",3,3,882633,2503119,0.352613279672281,"HZ12","higher","HS",3,165
"16",4,4,1096178,2668068,0.410850847879439,"HZ12","higher","HS",3,165
"17",5,5,1125659,2832676,0.39738360476101,"HZ12","higher","HS",3,165
"18",6,6,960652,2740443,0.350546243800729,"HZ12","higher","HS",3,165
"19",7,7,968346,2519619,0.384322391599682,"HZ12","higher","HS",3,165
"20",8,8,910127,2531825,0.359474687231542,"HZ12","higher","HS",3,165
"21",9,9,787972,2444361,0.322363186125126,"HZ12","higher","HS",3,165
"22",10,10,1015493,2504098,0.405532451205983,"HZ12","higher","HS",3,165
"23",11,11,900737,2553763,0.352709707204623,"HZ12","higher","HS",3,165
"24",12,12,1177558,2603874,0.452233095764234,"HZ12","higher","HS",3,165
"25",1,1,1034932,2730971,0.378961182670925,"HZ13","higher","HS",3,165
"26",2,2,1076838,2901585,0.371120611665693,"HZ13","higher","HS",3,165
"27",3,3,1159122,2809458,0.412578511584797,"HZ13","higher","HS",3,165
"28",4,4,1105151,2920760,0.378377887946973,"HZ13","higher","HS",3,165
"29",5,5,1517460,2679367,0.56635018644329,"HZ13","higher","HS",3,165
"30",6,6,1165902,2835109,0.411237098820539,"HZ13","higher","HS",3,165
"31",7,7,1077487,2729568,0.394746348140072,"HZ13","higher","HS",3,165
"32",8,8,1235229,2716449,0.454721955022899,"HZ13","higher","HS",3,165
"33",9,9,1044186,2679258,0.389729544523148,"HZ13","higher","HS",3,165
"34",10,10,1111563,2742373,0.405328888521,"HZ13","higher","HS",3,165
"35",11,11,1243396,2635144,0.471851253669629,"HZ13","higher","HS",3,165
"36",12,12,978469,2690717,0.363646195419288,"HZ13","higher","HS",3,165
"37",1,1,1241236,2082475,0.596038848005378,"HZ9","higher","HS",3,165
"38",2,2,1623377,2436798,0.666192684005814,"HZ9","higher","HS",3,165
"39",3,3,1375170,2138987,0.642907133142932,"HZ9","higher","HS",3,165
"40",4,4,1296056,2166629,0.598190091612362,"HZ9","higher","HS",3,165
"41",5,5,1559437,2300701,0.677809502408179,"HZ9","higher","HS",3,165
"42",6,6,1660453,2347566,0.707308335527095,"HZ9","higher","HS",3,165
"43",7,7,1359754,2209225,0.615489142119974,"HZ9","higher","HS",3,165
"44",8,8,1446297,2234723,0.647192963065221,"HZ9","higher","HS",3,165
"45",9,9,1517056,2352241,0.644940718234229,"HZ9","higher","HS",3,165
"46",10,10,1548010,2307832,0.670763729768891,"HZ9","higher","HS",3,165
"47",11,11,1501969,2366367,0.634715156186678,"HZ9","higher","HS",3,165
"48",12,12,1516109,2355062,0.643766066456,"HZ9","higher","HS",3,165
"49",1,1,1554515,2231123,0.696741058202529,"LZ2","lower","HS",3,165
"50",2,2,1664186,2357446,0.705927516473336,"LZ2","lower","HS",3,165
"51",3,3,1501840,2201575,0.682166176487288,"LZ2","lower","HS",3,165
"52",4,4,1558563,2226140,0.700119040132247,"LZ2","lower","HS",3,165
"53",5,5,1526110,2208917,0.690886076751639,"LZ2","lower","HS",3,165
"54",6,6,1511360,2314152,0.65309452447376,"LZ2","lower","HS",3,165
"55",7,7,1540852,2286765,0.673813006583536,"LZ2","lower","HS",3,165
"56",8,8,1444907,2175621,0.66413543535386,"LZ2","lower","HS",3,165
"57",9,9,1320473,2181584,0.60528175857542,"LZ2","lower","HS",3,165
"58",10,10,2113070,3652508,0.578525769142737,"LZ2","lower","HS",3,165
"59",11,11,1699894,2435824,0.697872260064767,"LZ2","lower","HS",3,165
"60",12,12,1551959,2355388,0.658897387606628,"LZ2","lower","HS",3,165
"61",1,1,1296231,2728805,0.475017819155271,"LZ3","lower","HS",3,165
"62",2,2,1183051,2622891,0.451048480474408,"LZ3","lower","HS",3,165
"63",3,3,1150225,2805860,0.40993670389827,"LZ3","lower","HS",3,165
"64",4,4,1420257,2742131,0.517939150244828,"LZ3","lower","HS",3,165
"65",5,5,1393116,2765301,0.503784578966268,"LZ3","lower","HS",3,165
"66",6,6,1426312,2600289,0.548520568290678,"LZ3","lower","HS",3,165
"67",7,7,1774081,3009096,0.589572748759096,"LZ3","lower","HS",3,165
"68",8,8,1086310,2716494,0.399894128240298,"LZ3","lower","HS",3,165
"69",9,9,1450916,2855588,0.508097106445328,"LZ3","lower","HS",3,165
"70",10,10,1290401,2775480,0.4649289492268,"LZ3","lower","HS",3,165
"71",11,11,1365779,2741350,0.498214018640451,"LZ3","lower","HS",3,165
"72",12,12,1205742,2668518,0.451839560385203,"LZ3","lower","HS",3,165
"73",1,1,1195995,2626713,0.455320014025133,"LZ5","lower","HS",3,165
"74",2,2,1055208,2535766,0.416129879492035,"LZ5","lower","HS",3,165
"75",3,3,948610,2531333,0.374747218165291,"LZ5","lower","HS",3,165
"76",4,4,1330212,2585137,0.514561510666553,"LZ5","lower","HS",3,165
"77",5,5,1145411,2467636,0.464173403208577,"LZ5","lower","HS",3,165
"78",6,6,1257935,2632323,0.477880184156732,"LZ5","lower","HS",3,165
"79",7,7,1224272,2831116,0.432434418088132,"LZ5","lower","HS",3,165
"80",8,8,1118976,2546616,0.439397223609684,"LZ5","lower","HS",3,165
"81",9,9,1156728,2498837,0.462906544124327,"LZ5","lower","HS",3,165
"82",10,10,1121307,2607605,0.430014131741579,"LZ5","lower","HS",3,165
"83",11,11,1322487,2523187,0.524133566002044,"LZ5","lower","HS",3,165
"84",12,12,1484739,2907582,0.510643895855732,"LZ5","lower","HS",3,165
"85",1,1,1235277,2631764,0.469372253743117,"LZ7","lower","HS",3,165
"86",2,2,1124806,2718290,0.413791758789533,"LZ7","lower","HS",3,165
"87",3,3,1257142,2647999,0.47475168986091,"LZ7","lower","HS",3,165
"88",4,4,1172410,2565681,0.4569586008549,"LZ7","lower","HS",3,165
"89",5,5,1428399,2862319,0.499035572205614,"LZ7","lower","HS",3,165
"90",6,6,1132197,2568019,0.440883420255068,"LZ7","lower","HS",3,165
"91",7,7,1282201,2681714,0.478127421492374,"LZ7","lower","HS",3,165
"92",8,8,1224329,2656923,0.460807106566506,"LZ7","lower","HS",3,165
"93",9,9,1260385,2637907,0.477797359800781,"LZ7","lower","HS",3,165
"94",10,10,1301630,2638717,0.493281393950166,"LZ7","lower","HS",3,165
"95",11,11,1433436,3104943,0.461662581245453,"LZ7","lower","HS",3,165
"96",12,12,1660461,3177445,0.522577416760951,"LZ7","lower","HS",3,165
"97",1,1,169713,2006542,0.0845798393455009,"HZ11","higher","HS",10,172
"98",2,2,1040266,2832629,0.367243998419843,"HZ11","higher","HS",10,172
"99",3,3,1027698,2659455,0.386431806516749,"HZ11","higher","HS",10,172
"100",4,4,1059643,2765097,0.38322091413068,"HZ11","higher","HS",10,172
"101",5,5,1194901,2631716,0.454038733662751,"HZ11","higher","HS",10,172
"102",6,6,1482593,2763792,0.536434362643788,"HZ11","higher","HS",10,172
"103",7,7,961938,3066775,0.313664354248355,"HZ11","higher","HS",10,172
"104",8,8,955413,2774905,0.344304759982774,"HZ11","higher","HS",10,172
"105",9,9,1700580,2759973,0.616158201547624,"HZ11","higher","HS",10,172
"106",10,10,1324192,2805988,0.471916487169582,"HZ11","higher","HS",10,172
"107",11,11,879532,2860805,0.307442136042128,"HZ11","higher","HS",10,172
"108",12,12,1079351,2769172,0.389773910757439,"HZ11","higher","HS",10,172
"109",1,1,835143,2718768,0.307177000759167,"HZ12","higher","HS",10,172
"110",2,2,639631,2563710,0.249494287575428,"HZ12","higher","HS",10,172
"111",3,3,820671,2781688,0.29502625743793,"HZ12","higher","HS",10,172
"112",4,4,817580,2839053,0.287976307592708,"HZ12","higher","HS",10,172
"113",5,5,958341,2906425,0.329731887112174,"HZ12","higher","HS",10,172
"114",6,6,803200,2834453,0.283370371637843,"HZ12","higher","HS",10,172
"115",7,7,830726,2794412,0.297281145371549,"HZ12","higher","HS",10,172
"116",8,8,864512,2712956,0.318660531169691,"HZ12","higher","HS",10,172
"117",9,9,914874,2958316,0.30925499507152,"HZ12","higher","HS",10,172
"118",10,10,742224,2821339,0.263075085978679,"HZ12","higher","HS",10,172
"119",11,11,724294,2716108,0.266666126678321,"HZ12","higher","HS",10,172
"120",12,12,799525,2791232,0.286441614312246,"HZ12","higher","HS",10,172
"121",1,1,651771,2903669,0.22446463422656,"HZ13","higher","HS",10,172
"122",2,2,833843,3128212,0.266555783303689,"HZ13","higher","HS",10,172
"123",3,3,847849,2949373,0.287467539710983,"HZ13","higher","HS",10,172
"124",4,4,968627,3127560,0.309706928084513,"HZ13","higher","HS",10,172
"125",5,5,834829,2945734,0.283402710495924,"HZ13","higher","HS",10,172
"126",6,6,550293,3128795,0.175880171120192,"HZ13","higher","HS",10,172
"127",7,7,8573184,7935464,1.0803632906658,"HZ13","higher","HS",10,172
"128",8,8,1358137,3104308,0.437500724799215,"HZ13","higher","HS",10,172
"129",9,9,835082,3009977,0.277438000356813,"HZ13","higher","HS",10,172
"130",10,10,725476,3073403,0.236049746811596,"HZ13","higher","HS",10,172
"131",11,11,1008001,2903736,0.347139340491009,"HZ13","higher","HS",10,172
"132",12,12,685596,2990393,0.229266186752042,"HZ13","higher","HS",10,172
"133",1,1,1488427,2406055,0.618617197029993,"HZ9","higher","HS",10,172
"134",2,2,1285582,2500088,0.514214699642573,"HZ9","higher","HS",10,172
"135",3,3,1386782,2241070,0.618803517962402,"HZ9","higher","HS",10,172
"136",4,4,1261568,2411301,0.523189763534291,"HZ9","higher","HS",10,172
"137",5,5,1327610,2413918,0.54998139953387,"HZ9","higher","HS",10,172
"138",6,6,1253257,2424644,0.516882890849131,"HZ9","higher","HS",10,172
"139",7,7,1279893,2349900,0.544658496106217,"HZ9","higher","HS",10,172
"140",8,8,1368956,2445932,0.559686859651045,"HZ9","higher","HS",10,172
"141",9,9,1165545,2375599,0.490632046906906,"HZ9","higher","HS",10,172
"142",10,10,1190260,2375408,0.501076025676431,"HZ9","higher","HS",10,172
"143",11,11,1331681,2465739,0.540073787209433,"HZ9","higher","HS",10,172
"144",12,12,8573184,7935464,1.0803632906658,"HZ9","higher","HS",10,172
"145",1,1,1517831,2389336,0.635252220700647,"LZ2","lower","HS",10,172
"146",2,2,1550813,2408267,0.64395393035739,"LZ2","lower","HS",10,172
"147",3,3,1487205,2240209,0.663868862235622,"LZ2","lower","HS",10,172
"148",4,4,1338751,2282245,0.586593902056966,"LZ2","lower","HS",10,172
"149",5,5,1465317,2233217,0.656146267917538,"LZ2","lower","HS",10,172
"150",6,6,1305280,2355758,0.554080682311171,"LZ2","lower","HS",10,172
"151",7,7,1488098,2546803,0.584300395436946,"LZ2","lower","HS",10,172
"152",8,8,1497819,2617736,0.572181075555365,"LZ2","lower","HS",10,172
"153",9,9,1532213,2457771,0.623415688442902,"LZ2","lower","HS",10,172
"154",10,10,8573184,7935464,1.0803632906658,"LZ2","lower","HS",10,172
"155",11,11,1515788,2498855,0.606593019602978,"LZ2","lower","HS",10,172
"156",12,12,1470166,2443776,0.601596054630212,"LZ2","lower","HS",10,172
"157",1,1,1841766,3000157,0.613889873096641,"LZ3","lower","HS",10,172
"158",2,2,1051419,3158442,0.332891659875344,"LZ3","lower","HS",10,172
"159",3,3,947298,3057714,0.309805953074748,"LZ3","lower","HS",10,172
"160",4,4,1221107,3009680,0.405726522420988,"LZ3","lower","HS",10,172
"161",5,5,951038,3120097,0.304810395317838,"LZ3","lower","HS",10,172
"162",6,6,1703537,3076299,0.553761841745552,"LZ3","lower","HS",10,172
"163",7,7,2087611,4107035,0.508301244084845,"LZ3","lower","HS",10,172
"164",8,8,1005886,2954508,0.340458039037295,"LZ3","lower","HS",10,172
"165",9,9,1105959,3098009,0.356990247607415,"LZ3","lower","HS",10,172
"166",10,10,1225420,2984472,0.410598591643681,"LZ3","lower","HS",10,172
"167",11,11,1095810,3076083,0.356235511200445,"LZ3","lower","HS",10,172
"168",12,12,1069201,2990071,0.35758381657158,"LZ3","lower","HS",10,172
"169",1,1,977924,3005863,0.325338846115076,"LZ5","lower","HS",10,172
"170",2,2,1020758,3017529,0.338276119301587,"LZ5","lower","HS",10,172
"171",3,3,823916,2711647,0.303843383744271,"LZ5","lower","HS",10,172
"172",4,4,879383,2824209,0.31137320219573,"LZ5","lower","HS",10,172
"173",5,5,979775,2750968,0.356156451111027,"LZ5","lower","HS",10,172
"174",6,6,967054,3015157,0.320730893946816,"LZ5","lower","HS",10,172
"175",7,7,1188653,2903253,0.409421087311371,"LZ5","lower","HS",10,172
"176",8,8,1008006,2852009,0.353437173585357,"LZ5","lower","HS",10,172
"177",9,9,1132817,2776714,0.407970356327659,"LZ5","lower","HS",10,172
"178",10,10,914347,2890389,0.316340464899361,"LZ5","lower","HS",10,172
"179",11,11,993850,2743230,0.362291896778615,"LZ5","lower","HS",10,172
"180",12,12,1032992,2784425,0.370989342503389,"LZ5","lower","HS",10,172
"181",1,1,1057813,2797026,0.378192051128592,"LZ7","lower","HS",10,172
"182",2,2,1933971,7935464,0.243712402954635,"LZ7","lower","HS",10,172
"183",3,3,936987,2862026,0.32738591473313,"LZ7","lower","HS",10,172
"184",4,4,965135,2773704,0.347958902608209,"LZ7","lower","HS",10,172
"185",5,5,1062556,3043746,0.349094832486022,"LZ7","lower","HS",10,172
"186",6,6,942465,2756931,0.341852951706082,"LZ7","lower","HS",10,172
"187",7,7,1056061,2863519,0.368798321226435,"LZ7","lower","HS",10,172
"188",8,8,1088341,2926743,0.371860802263813,"LZ7","lower","HS",10,172
"189",9,9,1058056,2929615,0.361158718807761,"LZ7","lower","HS",10,172
"190",10,10,1151184,2950692,0.390140346739002,"LZ7","lower","HS",10,172
"191",11,11,950912,2859808,0.332509035571619,"LZ7","lower","HS",10,172
"192",12,12,1330026,2847533,0.467080100564243,"LZ7","lower","HS",10,172
"193",1,1,8573184,7935464,1.0803632906658,"HZ11","higher","HS",19,181
"194",2,2,623922,3363333,0.185507055055209,"HZ11","higher","HS",19,181
"195",3,3,492001,2750600,0.178870428270196,"HZ11","higher","HS",19,181
"196",4,4,751524,2957562,0.254102534452363,"HZ11","higher","HS",19,181
"197",5,5,741481,3223458,0.230026573946364,"HZ11","higher","HS",19,181
"198",6,6,554556,2828015,0.196093726518424,"HZ11","higher","HS",19,181
"199",7,7,8573184,7935464,1.0803632906658,"HZ11","higher","HS",19,181
"200",8,8,541554,3219194,0.168226580939204,"HZ11","higher","HS",19,181
"201",9,9,501356,2918431,0.171789567750617,"HZ11","higher","HS",19,181
"202",10,10,683403,2942889,0.232221806530929,"HZ11","higher","HS",19,181
"203",11,11,522670,3322611,0.157307009457321,"HZ11","higher","HS",19,181
"204",12,12,788240,2987901,0.263810614876463,"HZ11","higher","HS",19,181
"205",1,1,396266,2877790,0.137698025220742,"HZ12","higher","HS",19,181
"206",2,2,467308,2875747,0.162499691384534,"HZ12","higher","HS",19,181
"207",3,3,425615,3055982,0.139272744407526,"HZ12","higher","HS",19,181
"208",4,4,309542,2894510,0.106941071200307,"HZ12","higher","HS",19,181
"209",5,5,490608,2954269,0.166067477267642,"HZ12","higher","HS",19,181
"210",6,6,532668,3119529,0.170752700167237,"HZ12","higher","HS",19,181
"211",7,7,346383,2849202,0.121571934878608,"HZ12","higher","HS",19,181
"212",8,8,237753,3184417,0.0746613901382891,"HZ12","higher","HS",19,181
"213",9,9,648544,2976886,0.217859871019582,"HZ12","higher","HS",19,181
"214",10,10,605373,2994344,0.202172161915932,"HZ12","higher","HS",19,181
"215",11,11,510310,2949100,0.173039232308162,"HZ12","higher","HS",19,181
"216",12,12,371913,2794234,0.133100162692173,"HZ12","higher","HS",19,181
"217",1,1,431436,3305447,0.130522740192174,"HZ13","higher","HS",19,181
"218",2,2,409533,3148777,0.130060972879312,"HZ13","higher","HS",19,181
"219",3,3,337420,3000531,0.112453429076387,"HZ13","higher","HS",19,181
"220",4,4,291090,3063871,0.0950072636870156,"HZ13","higher","HS",19,181
"221",5,5,464103,3374969,0.137513263084787,"HZ13","higher","HS",19,181
"222",6,6,37355,3216003,0.011615349861303,"HZ13","higher","HS",19,181
"223",7,7,8573184,7935464,1.0803632906658,"HZ13","higher","HS",19,181
"224",8,8,735691,3168153,0.232214479540603,"HZ13","higher","HS",19,181
"225",9,9,412102,3038007,0.13564879870257,"HZ13","higher","HS",19,181
"226",10,10,356553,3389553,0.105191746522329,"HZ13","higher","HS",19,181
"227",11,11,362142,3150196,0.114958561308566,"HZ13","higher","HS",19,181
"228",12,12,354148,3070729,0.115330268480221,"HZ13","higher","HS",19,181
"229",1,1,852228,2585684,0.329594799673897,"HZ9","higher","HS",19,181
"230",2,2,1012749,2803443,0.361251860658483,"HZ9","higher","HS",19,181
"231",3,3,648141,2338786,0.277127107824316,"HZ9","higher","HS",19,181
"232",4,4,663457,2462644,0.269408408198668,"HZ9","higher","HS",19,181
"233",5,5,793393,2592219,0.306067118557498,"HZ9","higher","HS",19,181
"234",6,6,974012,2444533,0.398445019969049,"HZ9","higher","HS",19,181
"235",7,7,697364,2481136,0.281066414739055,"HZ9","higher","HS",19,181
"236",8,8,1106992,2749228,0.402655581857889,"HZ9","higher","HS",19,181
"237",9,9,1148255,2340585,0.490584618802564,"HZ9","higher","HS",19,181
"238",10,10,796452,2777587,0.286742413468957,"HZ9","higher","HS",19,181
"239",11,11,886617,2839054,0.312293108901768,"HZ9","higher","HS",19,181
"240",12,12,8573184,7935464,1.0803632906658,"HZ9","higher","HS",19,181
"241",1,1,908803,2420454,0.375467990715791,"LZ2","lower","HS",19,181
"242",2,2,1084832,2410196,0.450101153599126,"LZ2","lower","HS",19,181
"243",3,3,1096209,2016572,0.543600228506594,"LZ2","lower","HS",19,181
"244",4,4,774043,2283651,0.338949778227934,"LZ2","lower","HS",19,181
"245",5,5,630206,2327562,0.270757986253427,"LZ2","lower","HS",19,181
"246",6,6,954724,2593337,0.368144980771878,"LZ2","lower","HS",19,181
"247",7,7,755394,2453014,0.30794524613394,"LZ2","lower","HS",19,181
"248",8,8,1138303,2424271,0.469544452744763,"LZ2","lower","HS",19,181
"249",9,9,881477,2411128,0.365586978376926,"LZ2","lower","HS",19,181
"250",10,10,8573184,7935464,1.0803632906658,"LZ2","lower","HS",19,181
"251",11,11,861441,2542844,0.33877068353387,"LZ2","lower","HS",19,181
"252",12,12,760708,2435618,0.312326481410467,"LZ2","lower","HS",19,181
"253",1,1,883517,2930858,0.301453362803657,"LZ3","lower","HS",19,181
"254",2,2,735684,3258666,0.225762321146138,"LZ3","lower","HS",19,181
"255",3,3,573770,3123659,0.183685223002895,"LZ3","lower","HS",19,181
"256",4,4,514691,3028446,0.169952180095006,"LZ3","lower","HS",19,181
"257",5,5,364263,3030371,0.120204093822176,"LZ3","lower","HS",19,181
"258",6,6,199221,3125873,0.0637329155727056,"LZ3","lower","HS",19,181
"259",7,7,879463,3338257,0.263449758361924,"LZ3","lower","HS",19,181
"260",8,8,541603,2923396,0.185265013703241,"LZ3","lower","HS",19,181
"261",9,9,394262,3086828,0.127723993691906,"LZ3","lower","HS",19,181
"262",10,10,409560,2931644,0.139703183606195,"LZ3","lower","HS",19,181
"263",11,11,504549,2964984,0.170169215078395,"LZ3","lower","HS",19,181
"264",12,12,435630,3006488,0.144896636873322,"LZ3","lower","HS",19,181
"265",1,1,427752,2823581,0.151492732101541,"LZ5","lower","HS",19,181
"266",2,2,1952013,3067821,0.63628647173352,"LZ5","lower","HS",19,181
"267",3,3,362248,2866018,0.12639418175322,"LZ5","lower","HS",19,181
"268",4,4,352158,2810764,0.125289067314083,"LZ5","lower","HS",19,181
"269",5,5,476036,2793880,0.170385270663021,"LZ5","lower","HS",19,181
"270",6,6,420089,2999072,0.140072995913403,"LZ5","lower","HS",19,181
"271",7,7,399277,2759424,0.144695777089711,"LZ5","lower","HS",19,181
"272",8,8,328680,2803107,0.117255602444002,"LZ5","lower","HS",19,181
"273",9,9,386405,2816469,0.137194835093161,"LZ5","lower","HS",19,181
"274",10,10,491292,2870432,0.171156118660884,"LZ5","lower","HS",19,181
"275",11,11,420076,2728743,0.153944874984562,"LZ5","lower","HS",19,181
"276",12,12,395334,2805288,0.14092456817268,"LZ5","lower","HS",19,181
"277",1,1,565347,2950772,0.1915929119566,"LZ7","lower","HS",19,181
"278",2,2,8573184,7935464,1.0803632906658,"LZ7","lower","HS",19,181
"279",3,3,475683,2869028,0.165799357831293,"LZ7","lower","HS",19,181
"280",4,4,447579,2758022,0.162282606882759,"LZ7","lower","HS",19,181
"281",5,5,8573184,7935464,1.0803632906658,"LZ7","lower","HS",19,181
"282",6,6,519948,2819605,0.184404553120029,"LZ7","lower","HS",19,181
"283",7,7,433058,2831983,0.152916878385216,"LZ7","lower","HS",19,181
"284",8,8,626287,2980489,0.210128941928657,"LZ7","lower","HS",19,181
"285",9,9,606917,2988434,0.203088641074221,"LZ7","lower","HS",19,181
"286",10,10,487896,2912870,0.167496661368341,"LZ7","lower","HS",19,181
"287",11,11,861003,2902602,0.296631436207927,"LZ7","lower","HS",19,181
"288",12,12,357877,2767956,0.129292878933047,"LZ7","lower","HS",19,181
"289",1,1,999,3385591,0.000295074035818266,"HZ11","higher","HS",31,193
"290",2,2,8573184,7935464,1.0803632906658,"HZ11","higher","HS",31,193
"291",3,3,22840,3355285,0.00680717137292361,"HZ11","higher","HS",31,193
"292",4,4,148391,3470580,0.0427568302704447,"HZ11","higher","HS",31,193
"293",5,5,124,2124600,5.83639273274969e-05,"HZ11","higher","HS",31,193
"294",6,6,41907,3731232,0.0112314109656006,"HZ11","higher","HS",31,193
"295",7,7,6718464,2687063,2.50030014182771,"HZ11","higher","HS",31,193
"296",8,8,19434,3920351,0.00495720918866703,"HZ11","higher","HS",31,193
"297",9,9,2033,3516757,0.000578089415902208,"HZ11","higher","HS",31,193
"298",10,10,6718464,2531949,2.65347524772418,"HZ11","higher","HS",31,193
"299",11,11,71654,3400920,0.0210690048575091,"HZ11","higher","HS",31,193
"300",12,12,206248,3328708,0.0619603762180402,"HZ11","higher","HS",31,193
"301",1,1,8573184,7935464,1.0803632906658,"HZ12","higher","HS",31,193
"302",2,2,8573184,7935464,1.0803632906658,"HZ12","higher","HS",31,193
"303",3,3,8573184,7935464,1.0803632906658,"HZ12","higher","HS",31,193
"304",4,4,8573184,7935464,1.0803632906658,"HZ12","higher","HS",31,193
"305",5,5,8573184,7935464,1.0803632906658,"HZ12","higher","HS",31,193
"306",6,6,8573184,7935464,1.0803632906658,"HZ12","higher","HS",31,193
"307",7,7,8573184,7935464,1.0803632906658,"HZ12","higher","HS",31,193
"308",8,8,8573184,7935464,1.0803632906658,"HZ12","higher","HS",31,193
"309",9,9,8573184,7935464,1.0803632906658,"HZ12","higher","HS",31,193
"310",10,10,8573184,7935464,1.0803632906658,"HZ12","higher","HS",31,193
"311",11,11,8573184,7935464,1.0803632906658,"HZ12","higher","HS",31,193
"312",12,12,8573184,7935464,1.0803632906658,"HZ12","higher","HS",31,193
"313",1,1,8573184,7935464,1.0803632906658,"HZ13","higher","HS",31,193
"314",2,2,8573184,7935464,1.0803632906658,"HZ13","higher","HS",31,193
"315",3,3,8573184,7935464,1.0803632906658,"HZ13","higher","HS",31,193
"316",4,4,8573184,7935464,1.0803632906658,"HZ13","higher","HS",31,193
"317",5,5,8573184,7935464,1.0803632906658,"HZ13","higher","HS",31,193
"318",6,6,8573184,7935464,1.0803632906658,"HZ13","higher","HS",31,193
"319",7,7,8573184,7935464,1.0803632906658,"HZ13","higher","HS",31,193
"320",8,8,8573184,7935464,1.0803632906658,"HZ13","higher","HS",31,193
"321",9,9,8573184,7935464,1.0803632906658,"HZ13","higher","HS",31,193
"322",10,10,8573184,7935464,1.0803632906658,"HZ13","higher","HS",31,193
"323",11,11,8573184,7935464,1.0803632906658,"HZ13","higher","HS",31,193
"324",12,12,8573184,7935464,1.0803632906658,"HZ13","higher","HS",31,193
"325",1,1,380796,3170846,0.120092871113892,"HZ9","higher","HS",31,193
"326",2,2,323540,3071559,0.105334131625015,"HZ9","higher","HS",31,193
"327",3,3,284624,2792344,0.101930134682546,"HZ9","higher","HS",31,193
"328",4,4,287270,2943412,0.0975976180025087,"HZ9","higher","HS",31,193
"329",5,5,528097,2927005,0.180422308810542,"HZ9","higher","HS",31,193
"330",6,6,203588,3178502,0.064051556362085,"HZ9","higher","HS",31,193
"331",7,7,329002,2316826,0.142005485090378,"HZ9","higher","HS",31,193
"332",8,8,249497,3082507,0.080939637768868,"HZ9","higher","HS",31,193
"333",9,9,286985,2998440,0.0957114366137058,"HZ9","higher","HS",31,193
"334",10,10,339953,2897779,0.117315019537377,"HZ9","higher","HS",31,193
"335",11,11,229182,3272015,0.0700430774308797,"HZ9","higher","HS",31,193
"336",12,12,8573184,7935464,1.0803632906658,"HZ9","higher","HS",31,193
"337",1,1,8573184,7935464,1.0803632906658,"LZ2","lower","HS",31,193
"338",2,2,8573184,7935464,1.0803632906658,"LZ2","lower","HS",31,193
"339",3,3,8573184,7935464,1.0803632906658,"LZ2","lower","HS",31,193
"340",4,4,8573184,7935464,1.0803632906658,"LZ2","lower","HS",31,193
"341",5,5,8573184,7935464,1.0803632906658,"LZ2","lower","HS",31,193
"342",6,6,8573184,7935464,1.0803632906658,"LZ2","lower","HS",31,193
"343",7,7,8573184,7935464,1.0803632906658,"LZ2","lower","HS",31,193
"344",8,8,8573184,7935464,1.0803632906658,"LZ2","lower","HS",31,193
"345",9,9,8573184,7935464,1.0803632906658,"LZ2","lower","HS",31,193
"346",10,10,8573184,7935464,1.0803632906658,"LZ2","lower","HS",31,193
"347",11,11,8573184,7935464,1.0803632906658,"LZ2","lower","HS",31,193
"348",12,12,8573184,7935464,1.0803632906658,"LZ2","lower","HS",31,193
"349",1,1,11011,2673519,0.00411854189179131,"LZ3","lower","HS",31,193
"350",2,2,9047,1039109,0.00870649758591255,"LZ3","lower","HS",31,193
"351",3,3,32363,3964961,0.0081622492629814,"LZ3","lower","HS",31,193
"352",4,4,6718464,3774065,1.7801664783198,"LZ3","lower","HS",31,193
"353",5,5,40573,3687624,0.0110024774760117,"LZ3","lower","HS",31,193
"354",6,6,12111,3780727,0.00320335215951853,"LZ3","lower","HS",31,193
"355",7,7,5486,3111811,0.00176296053969859,"LZ3","lower","HS",31,193
"356",8,8,41305,3590550,0.011503808608709,"LZ3","lower","HS",31,193
"357",9,9,32385,3669990,0.00882427472554421,"LZ3","lower","HS",31,193
"358",10,10,85409,3548546,0.0240687312493624,"LZ3","lower","HS",31,193
"359",11,11,19527,3518089,0.0055504565120439,"LZ3","lower","HS",31,193
"360",12,12,8573184,7935464,1.0803632906658,"LZ3","lower","HS",31,193
"361",1,1,8573184,7935464,1.0803632906658,"LZ5","lower","HS",31,193
"362",2,2,8573184,7935464,1.0803632906658,"LZ5","lower","HS",31,193
"363",3,3,8573184,7935464,1.0803632906658,"LZ5","lower","HS",31,193
"364",4,4,8573184,7935464,1.0803632906658,"LZ5","lower","HS",31,193
"365",5,5,8573184,7935464,1.0803632906658,"LZ5","lower","HS",31,193
"366",6,6,8573184,7935464,1.0803632906658,"LZ5","lower","HS",31,193
"367",7,7,8573184,7935464,1.0803632906658,"LZ5","lower","HS",31,193
"368",8,8,8573184,7935464,1.0803632906658,"LZ5","lower","HS",31,193
"369",9,9,8573184,7935464,1.0803632906658,"LZ5","lower","HS",31,193
"370",10,10,8573184,7935464,1.0803632906658,"LZ5","lower","HS",31,193
"371",11,11,8573184,7935464,1.0803632906658,"LZ5","lower","HS",31,193
"372",12,12,8573184,7935464,1.0803632906658,"LZ5","lower","HS",31,193
"373",1,1,8573184,7935464,1.0803632906658,"LZ7","lower","HS",31,193
"374",2,2,8573184,7935464,1.0803632906658,"LZ7","lower","HS",31,193
"375",3,3,8573184,7935464,1.0803632906658,"LZ7","lower","HS",31,193
"376",4,4,8573184,7935464,1.0803632906658,"LZ7","lower","HS",31,193
"377",5,5,8573184,7935464,1.0803632906658,"LZ7","lower","HS",31,193
"378",6,6,8573184,7935464,1.0803632906658,"LZ7","lower","HS",31,193
"379",7,7,8573184,7935464,1.0803632906658,"LZ7","lower","HS",31,193
"380",8,8,8573184,7935464,1.0803632906658,"LZ7","lower","HS",31,193
"381",9,9,8573184,7935464,1.0803632906658,"LZ7","lower","HS",31,193
"382",10,10,8573184,7935464,1.0803632906658,"LZ7","lower","HS",31,193
"383",11,11,8573184,7935464,1.0803632906658,"LZ7","lower","HS",31,193
"384",12,12,8573184,7935464,1.0803632906658,"LZ7","lower","HS",31,193
"385",1,1,6718464,2633817,2.5508469267227,"HZ11","higher","HS",25,187
"386",2,2,333128,3366025,0.0989677735608024,"HZ11","higher","HS",25,187
"387",3,3,269910,3027377,0.0891563885171883,"HZ11","higher","HS",25,187
"388",4,4,472657,3549008,0.133180032279443,"HZ11","higher","HS",25,187
"389",5,5,543252,3511049,0.154726407976647,"HZ11","higher","HS",25,187
"390",6,6,513750,3353289,0.153207790918111,"HZ11","higher","HS",25,187
"391",7,7,8573184,7935464,1.0803632906658,"HZ11","higher","HS",25,187
"392",8,8,371838,3201498,0.116145004619712,"HZ11","higher","HS",25,187
"393",9,9,577147,3520096,0.163957744334245,"HZ11","higher","HS",25,187
"394",10,10,490898,3360687,0.146070728990828,"HZ11","higher","HS",25,187
"395",11,11,287445,3589686,0.0800752489214934,"HZ11","higher","HS",25,187
"396",12,12,498650,3565798,0.139842470044573,"HZ11","higher","HS",25,187
"397",1,1,375191,3384879,0.110843253185712,"HZ12","higher","HS",25,187
"398",2,2,307789,3238134,0.0950513474735758,"HZ12","higher","HS",25,187
"399",3,3,86424,2926570,0.0295308159381119,"HZ12","higher","HS",25,187
"400",4,4,5700,3077451,0.001852182211837,"HZ12","higher","HS",25,187
"401",5,5,353393,3518650,0.100434257456695,"HZ12","higher","HS",25,187
"402",6,6,423095,3363814,0.125778357542956,"HZ12","higher","HS",25,187
"403",7,7,324459,3198494,0.101441178254516,"HZ12","higher","HS",25,187
"404",8,8,151800,3493612,0.0434507323652426,"HZ12","higher","HS",25,187
"405",9,9,346346,3330413,0.103994909940599,"HZ12","higher","HS",25,187
"406",10,10,301652,2859731,0.105482648542817,"HZ12","higher","HS",25,187
"407",11,11,298130,2952921,0.100961048399195,"HZ12","higher","HS",25,187
"408",12,12,464710,3342462,0.139032246290309,"HZ12","higher","HS",25,187
"409",1,1,138929,3347597,0.0415011125891199,"HZ13","higher","HS",25,187
"410",2,2,178228,3916127,0.045511292151659,"HZ13","higher","HS",25,187
"411",3,3,151250,1004126,0.150628506781021,"HZ13","higher","HS",25,187
"412",4,4,180186,3946077,0.0456620587991567,"HZ13","higher","HS",25,187
"413",5,5,2,3303789,6.05365536358405e-07,"HZ13","higher","HS",25,187
"414",6,6,128,7935464,1.61301216916868e-05,"HZ13","higher","HS",25,187
"415",7,7,8573184,7935464,1.0803632906658,"HZ13","higher","HS",25,187
"416",8,8,664,3451242,0.000192394506093748,"HZ13","higher","HS",25,187
"417",9,9,131945,3422477,0.0385524869853033,"HZ13","higher","HS",25,187
"418",10,10,124128,3812753,0.032556003496686,"HZ13","higher","HS",25,187
"419",11,11,20542,3426839,0.00599444561007973,"HZ13","higher","HS",25,187
"420",12,12,154677,3484648,0.0443881275813224,"HZ13","higher","HS",25,187
"421",1,1,585746,3107173,0.188514125219291,"HZ9","higher","HS",25,187
"422",2,2,516222,2783238,0.185475334843804,"HZ9","higher","HS",25,187
"423",3,3,425126,2584212,0.1645089489562,"HZ9","higher","HS",25,187
"424",4,4,700535,3090420,0.226679545175089,"HZ9","higher","HS",25,187
"425",5,5,570004,2772718,0.205575900614487,"HZ9","higher","HS",25,187
"426",6,6,439446,2832076,0.155167446071362,"HZ9","higher","HS",25,187
"427",7,7,687814,2768377,0.248453877488507,"HZ9","higher","HS",25,187
"428",8,8,487118,2860101,0.170314964401607,"HZ9","higher","HS",25,187
"429",9,9,521123,3026103,0.172209273775546,"HZ9","higher","HS",25,187
"430",10,10,513057,3124779,0.164189851506299,"HZ9","higher","HS",25,187
"431",11,11,615547,2911036,0.211452898555703,"HZ9","higher","HS",25,187
"432",12,12,8573184,7935464,1.0803632906658,"HZ9","higher","HS",25,187
"433",1,1,609101,2746690,0.221758188947424,"LZ2","lower","HS",25,187
"434",2,2,1020108,3080967,0.331099943621597,"LZ2","lower","HS",25,187
"435",3,3,992272,3029354,0.327552342842731,"LZ2","lower","HS",25,187
"436",4,4,666510,2914796,0.228664373081341,"LZ2","lower","HS",25,187
"437",5,5,720338,3040354,0.236925700099396,"LZ2","lower","HS",25,187
"438",6,6,610638,2688092,0.227164100038243,"LZ2","lower","HS",25,187
"439",7,7,705952,2898704,0.243540561575104,"LZ2","lower","HS",25,187
"440",8,8,687255,2877299,0.238854217097354,"LZ2","lower","HS",25,187
"441",9,9,757775,2829469,0.267815268518581,"LZ2","lower","HS",25,187
"442",10,10,8573184,7935464,1.0803632906658,"LZ2","lower","HS",25,187
"443",11,11,828410,3115070,0.265936238993024,"LZ2","lower","HS",25,187
"444",12,12,650837,2774350,0.234590805053436,"LZ2","lower","HS",25,187
"445",1,1,183360,2242767,0.0817561521103173,"LZ3","lower","HS",25,187
"446",2,2,156925,1607742,0.0976058347670211,"LZ3","lower","HS",25,187
"447",3,3,437990,3234664,0.135405099262242,"LZ3","lower","HS",25,187
"448",4,4,300969,3469229,0.0867538579897724,"LZ3","lower","HS",25,187
"449",5,5,114640,3163841,0.0362344378241511,"LZ3","lower","HS",25,187
"450",6,6,286662,3708731,0.077293823682548,"LZ3","lower","HS",25,187
"451",7,7,207261,3249336,0.0637856472830141,"LZ3","lower","HS",25,187
"452",8,8,299473,3319848,0.0902068407951207,"LZ3","lower","HS",25,187
"453",9,9,258314,3534144,0.0730909662990529,"LZ3","lower","HS",25,187
"454",10,10,478553,3583551,0.133541562545084,"LZ3","lower","HS",25,187
"455",11,11,428023,3625738,0.118051276733178,"LZ3","lower","HS",25,187
"456",12,12,429167,3901122,0.110011171145122,"LZ3","lower","HS",25,187
"457",1,1,444685,3269070,0.136027983493777,"LZ5","lower","HS",25,187
"458",2,2,451434,3285285,0.137410909555792,"LZ5","lower","HS",25,187
"459",3,3,14953,3178417,0.00470454317353576,"LZ5","lower","HS",25,187
"460",4,4,405630,3374469,0.120205579011098,"LZ5","lower","HS",25,187
"461",5,5,262011,2972343,0.0881496516384549,"LZ5","lower","HS",25,187
"462",6,6,331637,3239434,0.102374982790203,"LZ5","lower","HS",25,187
"463",7,7,246251,2961941,0.0831383879692404,"LZ5","lower","HS",25,187
"464",8,8,439440,3089178,0.142251433876585,"LZ5","lower","HS",25,187
"465",9,9,332149,3039568,0.109275068035984,"LZ5","lower","HS",25,187
"466",10,10,459211,3531449,0.130034725122747,"LZ5","lower","HS",25,187
"467",11,11,470758,3319999,0.141794621022476,"LZ5","lower","HS",25,187
"468",12,12,318749,3161482,0.100822652161233,"LZ5","lower","HS",25,187
"469",1,1,399235,3568501,0.111877508231047,"LZ7","lower","HS",25,187
"470",2,2,8573184,7935464,1.0803632906658,"LZ7","lower","HS",25,187
"471",3,3,488767,3590248,0.13613739218015,"LZ7","lower","HS",25,187
"472",4,4,468624,3275645,0.1430631219195,"LZ7","lower","HS",25,187
"473",5,5,6718464,7935464,0.846637827353259,"LZ7","lower","HS",25,187
"474",6,6,423317,3541043,0.119545851321207,"LZ7","lower","HS",25,187
"475",7,7,462879,3587049,0.129041727615095,"LZ7","lower","HS",25,187
"476",8,8,378786,3193342,0.118617423376513,"LZ7","lower","HS",25,187
"477",9,9,355038,3622180,0.0980177683052747,"LZ7","lower","HS",25,187
"478",10,10,772445,3116968,0.24781935521956,"LZ7","lower","HS",25,187
"479",11,11,340415,3185010,0.10688035516372,"LZ7","lower","HS",25,187
"480",12,12,64561,3156145,0.0204556508018485,"LZ7","lower","HS",25,187
